INSERT INTO Authority(role) VALUES ('Editor');
INSERT INTO Authority(role) VALUES ('Reader');
insert into USERS (id, login, password, first_name, last_name, email, activated) values (1, 'admin' ,'admin','Super', 'Hero', 'a@a.com', true);
insert into USERS (id, login, password, first_name, last_name, email, activated) values (2, 'user' ,'user','User1First', 'User1Last', 'u@u.com', true);
INSERT INTO USERS_AUTHORITIES(user_id,authorities_role) VALUES (1,'Editor');
INSERT INTO USERS_AUTHORITIES(user_id,authorities_role) VALUES (2,'Reader');
INSERT INTO department(id,department_name) VALUES (1,'Administration');
INSERT INTO department(id,department_name) VALUES (2,'Marketing');
INSERT INTO department(id,department_name) VALUES (3,'Purchasing');
INSERT INTO department(id,department_name) VALUES (4,'Human Resources');
INSERT INTO department(id,department_name) VALUES (5,'Shipping');
INSERT INTO department(id,department_name) VALUES (6,'IT');
INSERT INTO department(id,department_name) VALUES (7,'Public Relations');
INSERT INTO department(id,department_name) VALUES (8,'Sales');
INSERT INTO department(id,department_name) VALUES (9,'Executive');
INSERT INTO department(id,department_name) VALUES (10,'Finance');
INSERT INTO department(id,department_name) VALUES (11,'Accounting');
insert into EMPLOYEE (id, first_name, last_name, salary, birth_date, active, department_id) values (1, 'Mathilda', 'Del Checolo', 1370, '1998-03-06', true, 1);
insert into EMPLOYEE (id, first_name, last_name, salary, birth_date, active, department_id) values (2, 'Marcellina', 'Culligan', 3019, '1976-04-18', false, 9);
insert into EMPLOYEE (id, first_name, last_name, salary, birth_date, active, department_id) values (3, 'Brucie', 'Boddymead', 2907, '1973-12-28', true, 1);
insert into EMPLOYEE (id, first_name, last_name, salary, birth_date, active, department_id) values (4, 'Tamara', 'Cookes', 1919, '2005-04-12', false, 10);
insert into EMPLOYEE (id, first_name, last_name, salary, birth_date, active, department_id) values (5, 'Kristal', 'Jorry', 910, '1971-10-01', true, 10);
insert into EMPLOYEE (id, first_name, last_name, salary, birth_date, active, department_id) values (6, 'Sawyere', 'Gorse', 3596, '1956-10-31', false, 4);
insert into EMPLOYEE (id, first_name, last_name, salary, birth_date, active, department_id) values (7, 'Raffaello', 'Cappell', 3663, '2011-11-07', false, 8);
insert into EMPLOYEE (id, first_name, last_name, salary, birth_date, active, department_id) values (8, 'John', 'Yegorshin', 3303, '1984-07-22', false, 10);
insert into EMPLOYEE (id, first_name, last_name, salary, birth_date, active, department_id) values (9, 'Anthea', 'Averall', 2796, '1998-09-29', false, 1);
insert into EMPLOYEE (id, first_name, last_name, salary, birth_date, active, department_id) values (10, 'Eugenia', 'Critzen', 1781, '1978-06-14', false, 1);
insert into EMPLOYEE (id, first_name, last_name, salary, birth_date, active, department_id) values (11, 'Fair', 'Sussams', 1617, '1971-12-30', true, 1);
insert into EMPLOYEE (id, first_name, last_name, salary, birth_date, active, department_id) values (12, 'Massimiliano', 'McCawley', 3985, '1975-04-19', false, 10);
insert into EMPLOYEE (id, first_name, last_name, salary, birth_date, active, department_id) values (13, 'Margit', 'Renner', 773, '1990-10-22', true, 11);
insert into EMPLOYEE (id, first_name, last_name, salary, birth_date, active, department_id) values (14, 'Kitti', 'Mathieson', 1873, '1965-02-14', true, 6);
insert into EMPLOYEE (id, first_name, last_name, salary, birth_date, active, department_id) values (15, 'Arabella', 'Collidge', 1272, '1977-12-06', true, 7);
insert into EMPLOYEE (id, first_name, last_name, salary, birth_date, active, department_id) values (16, 'Duke', 'Mompesson', 374, '1998-08-19', false, 8);
insert into EMPLOYEE (id, first_name, last_name, salary, birth_date, active, department_id) values (17, 'Chevy', 'Greendale', 1016, '2000-08-06', false, 5);
insert into EMPLOYEE (id, first_name, last_name, salary, birth_date, active, department_id) values (18, 'Corbie', 'Brightey', 2329, '1974-02-24', false, 1);
insert into EMPLOYEE (id, first_name, last_name, salary, birth_date, active, department_id) values (19, 'Nady', 'Cornu', 3451, '2004-01-03', true, 3);
insert into EMPLOYEE (id, first_name, last_name, salary, birth_date, active, department_id) values (20, 'Gale', 'Dalyiel', 1320, '1988-05-01', true, 2);
insert into EMPLOYEE (id, first_name, last_name, salary, birth_date, active, department_id) values (21, 'Iggie', 'Bingell', 3013, '2012-03-19', true, 11);
insert into EMPLOYEE (id, first_name, last_name, salary, birth_date, active, department_id) values (22, 'Linette', 'Algar', 3649, '1951-11-09', false, 9);
insert into EMPLOYEE (id, first_name, last_name, salary, birth_date, active, department_id) values (23, 'Alexine', 'Edmed', 858, '1959-07-09', false, 4);
insert into EMPLOYEE (id, first_name, last_name, salary, birth_date, active, department_id) values (24, 'Danell', 'Duesberry', 4696, '1976-07-02', false, 2);
insert into EMPLOYEE (id, first_name, last_name, salary, birth_date, active, department_id) values (25, 'Leone', 'Kedie', 2882, '1996-08-02', false, 4);
insert into EMPLOYEE (id, first_name, last_name, salary, birth_date, active, department_id) values (26, 'Towny', 'Botha', 2779, '1958-04-09', false, 5);
insert into EMPLOYEE (id, first_name, last_name, salary, birth_date, active, department_id) values (27, 'Early', 'Colbourne', 3514, '1976-10-29', false, 10);
insert into EMPLOYEE (id, first_name, last_name, salary, birth_date, active, department_id) values (28, 'Pier', 'Golding', 2265, '1995-10-08', true, 9);
insert into EMPLOYEE (id, first_name, last_name, salary, birth_date, active, department_id) values (29, 'Grete', 'Hamelyn', 3432, '1962-06-14', true, 9);
insert into EMPLOYEE (id, first_name, last_name, salary, birth_date, active, department_id) values (30, 'Wayne', 'McCard', 1244, '1985-11-13', false, 1);
insert into EMPLOYEE (id, first_name, last_name, salary, birth_date, active, department_id) values (31, 'Addi', 'Fonso', 212, '1999-12-25', false, 4);
insert into EMPLOYEE (id, first_name, last_name, salary, birth_date, active, department_id) values (32, 'Gabey', 'Tsar', 4438, '1954-04-05', true, 7);
insert into EMPLOYEE (id, first_name, last_name, salary, birth_date, active, department_id) values (33, 'Hazel', 'Lanigan', 3932, '2012-04-09', true, 10);
insert into EMPLOYEE (id, first_name, last_name, salary, birth_date, active, department_id) values (34, 'Archibold', 'Tizard', 4116, '1954-09-15', false, 1);
insert into EMPLOYEE (id, first_name, last_name, salary, birth_date, active, department_id) values (35, 'Cecily', 'Ricardou', 3455, '2003-05-02', true, 7);
insert into EMPLOYEE (id, first_name, last_name, salary, birth_date, active, department_id) values (36, 'Salvatore', 'Billson', 4496, '1995-07-28', true, 10);
insert into EMPLOYEE (id, first_name, last_name, salary, birth_date, active, department_id) values (37, 'Catriona', 'Knifton', 3644, '1997-05-30', false, 10);
insert into EMPLOYEE (id, first_name, last_name, salary, birth_date, active, department_id) values (38, 'Waverley', 'Scammell', 385, '1980-07-09', false, 1);
insert into EMPLOYEE (id, first_name, last_name, salary, birth_date, active, department_id) values (39, 'Leif', 'Panchen', 1789, '1990-01-05', true, 9);
insert into EMPLOYEE (id, first_name, last_name, salary, birth_date, active, department_id) values (40, 'Ardine', 'Eicheler', 1732, '1996-03-24', true, 11);
insert into EMPLOYEE (id, first_name, last_name, salary, birth_date, active, department_id) values (41, 'Mauricio', 'Moffat', 4421, '1972-10-21', true, 11);
insert into EMPLOYEE (id, first_name, last_name, salary, birth_date, active, department_id) values (42, 'Issie', 'Samwaye', 3225, '1980-12-21', false, 7);
insert into EMPLOYEE (id, first_name, last_name, salary, birth_date, active, department_id) values (43, 'Quentin', 'Nixon', 2443, '1951-01-07', true, 10);
insert into EMPLOYEE (id, first_name, last_name, salary, birth_date, active, department_id) values (44, 'Hyacintha', 'Stitcher', 4801, '1959-03-07', false, 2);
insert into EMPLOYEE (id, first_name, last_name, salary, birth_date, active, department_id) values (45, 'Laurens', 'Peregrine', 769, '1990-10-10', true, 3);
insert into EMPLOYEE (id, first_name, last_name, salary, birth_date, active, department_id) values (46, 'Jo-ann', 'Andriuzzi', 2042, '1988-04-06', false, 10);
insert into EMPLOYEE (id, first_name, last_name, salary, birth_date, active, department_id) values (47, 'Frannie', 'Vasilchikov', 2935, '1958-12-20', false, 4);
insert into EMPLOYEE (id, first_name, last_name, salary, birth_date, active, department_id) values (48, 'Trev', 'Aymes', 725, '1953-02-03', false, 5);
insert into EMPLOYEE (id, first_name, last_name, salary, birth_date, active, department_id) values (49, 'Reece', 'Hollington', 3669, '2008-05-25', true, 11);
insert into EMPLOYEE (id, first_name, last_name, salary, birth_date, active, department_id) values (50, 'Marquita', 'Broxap', 1585, '2001-11-23', false, 5);
insert into EMPLOYEE (id, first_name, last_name, salary, birth_date, active, department_id) values (51, 'Marcos', 'Zimmermeister', 3989, '1970-06-08', false, 4);
insert into EMPLOYEE (id, first_name, last_name, salary, birth_date, active, department_id) values (52, 'Loydie', 'Glave', 2796, '2001-02-24', true, 8);
insert into EMPLOYEE (id, first_name, last_name, salary, birth_date, active, department_id) values (53, 'Georgie', 'Lawleff', 3212, '2004-08-30', false, 7);
insert into EMPLOYEE (id, first_name, last_name, salary, birth_date, active, department_id) values (54, 'Anette', 'Heers', 341, '1999-02-12', true, 10);
insert into EMPLOYEE (id, first_name, last_name, salary, birth_date, active, department_id) values (55, 'Ingeborg', 'Minogue', 1208, '1988-05-04', false, 10);
insert into EMPLOYEE (id, first_name, last_name, salary, birth_date, active, department_id) values (56, 'Phelia', 'Basil', 1101, '1983-12-10', true, 2);
insert into EMPLOYEE (id, first_name, last_name, salary, birth_date, active, department_id) values (57, 'Tris', 'Tethcote', 3887, '1990-01-12', true, 3);
insert into EMPLOYEE (id, first_name, last_name, salary, birth_date, active, department_id) values (58, 'Verla', 'Byrd', 193, '1956-03-06', true, 1);
insert into EMPLOYEE (id, first_name, last_name, salary, birth_date, active, department_id) values (59, 'Blakelee', 'Kleynermans', 2928, '2007-01-17', true, 9);
insert into EMPLOYEE (id, first_name, last_name, salary, birth_date, active, department_id) values (60, 'Aeriel', 'Brick', 997, '1972-04-23', true, 7);
insert into EMPLOYEE (id, first_name, last_name, salary, birth_date, active, department_id) values (61, 'Gary', 'Jonah', 1219, '1960-08-29', false, 1);
insert into EMPLOYEE (id, first_name, last_name, salary, birth_date, active, department_id) values (62, 'Padgett', 'Lichfield', 4408, '2000-11-07', true, 2);
insert into EMPLOYEE (id, first_name, last_name, salary, birth_date, active, department_id) values (63, 'Tyson', 'Retchless', 699, '1987-02-14', false, 6);
insert into EMPLOYEE (id, first_name, last_name, salary, birth_date, active, department_id) values (64, 'Prudence', 'Fettes', 3019, '1969-03-31', true, 4);
insert into EMPLOYEE (id, first_name, last_name, salary, birth_date, active, department_id) values (65, 'Vanny', 'Torrejon', 4768, '2006-11-28', false, 3);
insert into EMPLOYEE (id, first_name, last_name, salary, birth_date, active, department_id) values (66, 'Tommy', 'Kienle', 2839, '1966-05-27', true, 8);
insert into EMPLOYEE (id, first_name, last_name, salary, birth_date, active, department_id) values (67, 'Ina', 'Bruck', 3693, '1973-12-07', false, 8);
insert into EMPLOYEE (id, first_name, last_name, salary, birth_date, active, department_id) values (68, 'Esme', 'Brigham', 1327, '2003-02-19', true, 7);
insert into EMPLOYEE (id, first_name, last_name, salary, birth_date, active, department_id) values (69, 'Costa', 'Dendon', 1116, '1990-01-11', true, 7);
insert into EMPLOYEE (id, first_name, last_name, salary, birth_date, active, department_id) values (70, 'Connie', 'Rosen', 4366, '1976-05-17', false, 3);
insert into EMPLOYEE (id, first_name, last_name, salary, birth_date, active, department_id) values (71, 'Torie', 'Garstang', 3659, '1989-10-28', true, 9);
insert into EMPLOYEE (id, first_name, last_name, salary, birth_date, active, department_id) values (72, 'Carmon', 'Benham', 432, '1978-04-11', true, 2);
insert into EMPLOYEE (id, first_name, last_name, salary, birth_date, active, department_id) values (73, 'Tildy', 'Newcombe', 3442, '1966-09-22', false, 6);
insert into EMPLOYEE (id, first_name, last_name, salary, birth_date, active, department_id) values (74, 'Kaia', 'McParland', 2752, '1996-06-26', true, 10);
insert into EMPLOYEE (id, first_name, last_name, salary, birth_date, active, department_id) values (75, 'Orazio', 'Halcro', 2655, '2007-06-30', true, 3);
insert into EMPLOYEE (id, first_name, last_name, salary, birth_date, active, department_id) values (76, 'Druci', 'Winchcombe', 3495, '1993-06-15', true, 5);
insert into EMPLOYEE (id, first_name, last_name, salary, birth_date, active, department_id) values (77, 'Godfrey', 'Lowndes', 1382, '1973-09-19', false, 2);
insert into EMPLOYEE (id, first_name, last_name, salary, birth_date, active, department_id) values (78, 'Cherilynn', 'Sivell', 2424, '2011-06-30', false, 3);
insert into EMPLOYEE (id, first_name, last_name, salary, birth_date, active, department_id) values (79, 'Thomasin', 'Sidwick', 3594, '1984-02-04', false, 11);
insert into EMPLOYEE (id, first_name, last_name, salary, birth_date, active, department_id) values (80, 'Tresa', 'Lashbrook', 4174, '1998-06-08', true, 10);
insert into EMPLOYEE (id, first_name, last_name, salary, birth_date, active, department_id) values (81, 'Rene', 'Gillbard', 3168, '1973-05-23', false, 3);
insert into EMPLOYEE (id, first_name, last_name, salary, birth_date, active, department_id) values (82, 'Andonis', 'Covendon', 4336, '1987-01-03', false, 7);
insert into EMPLOYEE (id, first_name, last_name, salary, birth_date, active, department_id) values (83, 'Tracie', 'Antoniutti', 2819, '1983-06-26', false, 7);
insert into EMPLOYEE (id, first_name, last_name, salary, birth_date, active, department_id) values (84, 'Denny', 'Brendish', 267, '1968-08-22', true, 9);
insert into EMPLOYEE (id, first_name, last_name, salary, birth_date, active, department_id) values (85, 'Kellsie', 'Rugieri', 69, '2000-04-17', false, 10);
insert into EMPLOYEE (id, first_name, last_name, salary, birth_date, active, department_id) values (86, 'Fielding', 'Haddy', 3146, '1990-12-11', true, 3);
insert into EMPLOYEE (id, first_name, last_name, salary, birth_date, active, department_id) values (87, 'Brenna', 'Brotherheed', 780, '1974-01-29', true, 1);
insert into EMPLOYEE (id, first_name, last_name, salary, birth_date, active, department_id) values (88, 'Schuyler', 'Gentry', 487, '1999-04-26', true, 8);
insert into EMPLOYEE (id, first_name, last_name, salary, birth_date, active, department_id) values (89, 'Marisa', 'Bretherick', 3653, '1980-06-05', false, 4);
insert into EMPLOYEE (id, first_name, last_name, salary, birth_date, active, department_id) values (90, 'Lou', 'D''Onisi', 739, '1960-12-08', false, 3);
insert into EMPLOYEE (id, first_name, last_name, salary, birth_date, active, department_id) values (91, 'Maggee', 'Palatino', 2513, '1996-11-17', false, 2);
insert into EMPLOYEE (id, first_name, last_name, salary, birth_date, active, department_id) values (92, 'Aviva', 'Darque', 649, '1982-08-13', false, 11);
insert into EMPLOYEE (id, first_name, last_name, salary, birth_date, active, department_id) values (93, 'Yankee', 'Harragin', 1725, '1987-01-04', true, 8);
insert into EMPLOYEE (id, first_name, last_name, salary, birth_date, active, department_id) values (94, 'Ida', 'Scurrer', 1402, '1978-03-15', true, 5);
insert into EMPLOYEE (id, first_name, last_name, salary, birth_date, active, department_id) values (95, 'Nehemiah', 'Adicot', 1374, '1991-12-15', true, 2);
insert into EMPLOYEE (id, first_name, last_name, salary, birth_date, active, department_id) values (96, 'Englebert', 'Redmell', 3886, '1973-08-16', false, 4);
insert into EMPLOYEE (id, first_name, last_name, salary, birth_date, active, department_id) values (97, 'Rufe', 'Wilgar', 3974, '1997-05-28', false, 10);
insert into EMPLOYEE (id, first_name, last_name, salary, birth_date, active, department_id) values (98, 'Perry', 'Timblett', 1483, '1979-12-22', false, 5);
insert into EMPLOYEE (id, first_name, last_name, salary, birth_date, active, department_id) values (99, 'Mada', 'Rushbury', 2487, '1964-04-01', false, 1);
insert into EMPLOYEE (id, first_name, last_name, salary, birth_date, active, department_id) values (100, 'Gertruda', 'Dallas', 4495, '1996-02-24', true, 10);
insert into EMPLOYEE (id, first_name, last_name, salary, birth_date, active, department_id) values (101, 'Fey', 'Lindner', 3997, '1957-10-02', true, 9);
insert into EMPLOYEE (id, first_name, last_name, salary, birth_date, active, department_id) values (102, 'Sylas', 'Leate', 4503, '1951-05-20', true, 2);
insert into EMPLOYEE (id, first_name, last_name, salary, birth_date, active, department_id) values (103, 'Aguistin', 'Willmott', 921, '1972-03-04', false, 3);
insert into EMPLOYEE (id, first_name, last_name, salary, birth_date, active, department_id) values (104, 'Jewell', 'Millichap', 18, '1971-04-04', false, 3);
insert into EMPLOYEE (id, first_name, last_name, salary, birth_date, active, department_id) values (105, 'Joseph', 'Libreros', 550, '1979-10-31', false, 1);
insert into EMPLOYEE (id, first_name, last_name, salary, birth_date, active, department_id) values (106, 'Ana', 'Darycott', 3578, '1960-07-10', false, 1);
insert into EMPLOYEE (id, first_name, last_name, salary, birth_date, active, department_id) values (107, 'Jourdain', 'Songhurst', 4417, '2005-11-19', false, 8);
insert into EMPLOYEE (id, first_name, last_name, salary, birth_date, active, department_id) values (108, 'Sammie', 'Schole', 1360, '2001-12-30', true, 6);
insert into EMPLOYEE (id, first_name, last_name, salary, birth_date, active, department_id) values (109, 'Moses', 'Purple', 2185, '1952-06-03', false, 10);
insert into EMPLOYEE (id, first_name, last_name, salary, birth_date, active, department_id) values (110, 'Cinnamon', 'Battin', 4095, '1980-05-21', false, 8);
insert into EMPLOYEE (id, first_name, last_name, salary, birth_date, active, department_id) values (111, 'Sibby', 'Gerren', 3394, '1955-11-01', false, 3);
insert into EMPLOYEE (id, first_name, last_name, salary, birth_date, active, department_id) values (112, 'Rochella', 'Kondratyuk', 254, '1959-09-26', false, 3);
insert into EMPLOYEE (id, first_name, last_name, salary, birth_date, active, department_id) values (113, 'Tarra', 'Stovold', 4299, '2005-08-08', true, 2);
insert into EMPLOYEE (id, first_name, last_name, salary, birth_date, active, department_id) values (114, 'Sonya', 'Tewkesberry', 4355, '1955-05-20', true, 5);
insert into EMPLOYEE (id, first_name, last_name, salary, birth_date, active, department_id) values (115, 'Daniella', 'Cafe', 1305, '1961-05-29', true, 10);
insert into EMPLOYEE (id, first_name, last_name, salary, birth_date, active, department_id) values (116, 'Carola', 'Carrell', 2386, '2001-06-20', true, 3);
insert into EMPLOYEE (id, first_name, last_name, salary, birth_date, active, department_id) values (117, 'Benedicta', 'Jocelyn', 134, '1977-07-10', true, 7);
insert into EMPLOYEE (id, first_name, last_name, salary, birth_date, active, department_id) values (118, 'Clementina', 'Easeman', 3388, '2009-08-04', true, 9);
insert into EMPLOYEE (id, first_name, last_name, salary, birth_date, active, department_id) values (119, 'Virgilio', 'Gingle', 4390, '1958-08-30', false, 11);
insert into EMPLOYEE (id, first_name, last_name, salary, birth_date, active, department_id) values (120, 'Kermit', 'Grcic', 4959, '1962-01-27', true, 2);
insert into EMPLOYEE (id, first_name, last_name, salary, birth_date, active, department_id) values (121, 'Roberto', 'Losseljong', 4163, '1968-02-28', true, 5);
insert into EMPLOYEE (id, first_name, last_name, salary, birth_date, active, department_id) values (122, 'Johnathon', 'Brandom', 1521, '1986-11-27', false, 9);
insert into EMPLOYEE (id, first_name, last_name, salary, birth_date, active, department_id) values (123, 'Vivyan', 'Rennicks', 3059, '2001-06-10', true, 3);
insert into EMPLOYEE (id, first_name, last_name, salary, birth_date, active, department_id) values (124, 'Rod', 'Witten', 3562, '1990-04-16', true, 8);
insert into EMPLOYEE (id, first_name, last_name, salary, birth_date, active, department_id) values (125, 'Anne-marie', 'Simonnet', 1678, '2003-02-25', true, 1);
insert into EMPLOYEE (id, first_name, last_name, salary, birth_date, active, department_id) values (126, 'Tersina', 'Reavey', 3272, '1956-10-15', true, 2);
insert into EMPLOYEE (id, first_name, last_name, salary, birth_date, active, department_id) values (127, 'Bee', 'Elgee', 936, '1951-05-20', true, 7);
insert into EMPLOYEE (id, first_name, last_name, salary, birth_date, active, department_id) values (128, 'Ewart', 'McCloch', 2248, '2008-12-02', false, 1);
insert into EMPLOYEE (id, first_name, last_name, salary, birth_date, active, department_id) values (129, 'Wheeler', 'Cooling', 31, '1994-08-19', true, 1);
insert into EMPLOYEE (id, first_name, last_name, salary, birth_date, active, department_id) values (130, 'Rafa', 'Henrys', 427, '1983-12-23', true, 1);
insert into EMPLOYEE (id, first_name, last_name, salary, birth_date, active, department_id) values (131, 'Freeman', 'Burlingame', 947, '1990-08-21', false, 5);
insert into EMPLOYEE (id, first_name, last_name, salary, birth_date, active, department_id) values (132, 'Lewiss', 'Crambie', 4397, '2004-12-11', false, 3);
insert into EMPLOYEE (id, first_name, last_name, salary, birth_date, active, department_id) values (133, 'Steven', 'Ambrogio', 3636, '2011-08-14', false, 1);
insert into EMPLOYEE (id, first_name, last_name, salary, birth_date, active, department_id) values (134, 'Glennie', 'Porrett', 936, '2012-11-22', false, 5);
insert into EMPLOYEE (id, first_name, last_name, salary, birth_date, active, department_id) values (135, 'Byrom', 'Petracchi', 210, '1977-03-05', false, 2);
insert into EMPLOYEE (id, first_name, last_name, salary, birth_date, active, department_id) values (136, 'Rodney', 'Shorter', 4708, '2003-09-12', false, 1);
insert into EMPLOYEE (id, first_name, last_name, salary, birth_date, active, department_id) values (137, 'Vic', 'Odell', 3919, '1952-07-27', false, 8);
insert into EMPLOYEE (id, first_name, last_name, salary, birth_date, active, department_id) values (138, 'Laurie', 'Collopy', 3924, '1981-05-03', true, 6);
insert into EMPLOYEE (id, first_name, last_name, salary, birth_date, active, department_id) values (139, 'Boone', 'Hardeman', 2922, '1959-12-11', true, 10);
insert into EMPLOYEE (id, first_name, last_name, salary, birth_date, active, department_id) values (140, 'Phaedra', 'Kaygill', 1600, '1971-09-06', false, 11);
insert into EMPLOYEE (id, first_name, last_name, salary, birth_date, active, department_id) values (141, 'Trefor', 'McElory', 4273, '2011-02-13', false, 3);
insert into EMPLOYEE (id, first_name, last_name, salary, birth_date, active, department_id) values (142, 'Evangelina', 'Dawton', 2331, '1988-08-26', true, 1);
insert into EMPLOYEE (id, first_name, last_name, salary, birth_date, active, department_id) values (143, 'Karrie', 'Cyson', 3411, '1961-01-24', true, 7);
insert into EMPLOYEE (id, first_name, last_name, salary, birth_date, active, department_id) values (144, 'Joelle', 'Killiam', 4249, '1982-04-23', true, 9);
insert into EMPLOYEE (id, first_name, last_name, salary, birth_date, active, department_id) values (145, 'Bari', 'Monteaux', 504, '1960-10-05', false, 9);
insert into EMPLOYEE (id, first_name, last_name, salary, birth_date, active, department_id) values (146, 'Marna', 'Straine', 161, '1964-04-07', false, 3);
insert into EMPLOYEE (id, first_name, last_name, salary, birth_date, active, department_id) values (147, 'Prinz', 'Slimon', 568, '1979-08-08', false, 9);
insert into EMPLOYEE (id, first_name, last_name, salary, birth_date, active, department_id) values (148, 'Kristopher', 'Longmuir', 3888, '1976-02-10', true, 1);
insert into EMPLOYEE (id, first_name, last_name, salary, birth_date, active, department_id) values (149, 'Clementine', 'Gribbin', 3471, '1975-04-06', false, 7);
insert into EMPLOYEE (id, first_name, last_name, salary, birth_date, active, department_id) values (150, 'Florri', 'Garcia', 3614, '1967-01-05', true, 1);
insert into EMPLOYEE (id, first_name, last_name, salary, birth_date, active, department_id) values (151, 'Currey', 'Wimsett', 87, '1997-04-09', false, 10);
insert into EMPLOYEE (id, first_name, last_name, salary, birth_date, active, department_id) values (152, 'Idette', 'Reubbens', 3997, '1951-05-27', true, 2);
insert into EMPLOYEE (id, first_name, last_name, salary, birth_date, active, department_id) values (153, 'Antonin', 'Staden', 748, '1993-06-28', true, 3);
insert into EMPLOYEE (id, first_name, last_name, salary, birth_date, active, department_id) values (154, 'Benn', 'Rowell', 3176, '1993-06-26', true, 3);
insert into EMPLOYEE (id, first_name, last_name, salary, birth_date, active, department_id) values (155, 'Kelsey', 'Arnholz', 4662, '1978-05-23', true, 6);
insert into EMPLOYEE (id, first_name, last_name, salary, birth_date, active, department_id) values (156, 'Donny', 'Abazi', 1052, '1988-12-25', true, 9);
insert into EMPLOYEE (id, first_name, last_name, salary, birth_date, active, department_id) values (157, 'Marthe', 'Niblo', 4436, '1953-12-27', false, 4);
insert into EMPLOYEE (id, first_name, last_name, salary, birth_date, active, department_id) values (158, 'Gina', 'Angus', 2884, '1977-10-20', false, 4);
insert into EMPLOYEE (id, first_name, last_name, salary, birth_date, active, department_id) values (159, 'Jude', 'Verralls', 3884, '1960-12-19', true, 6);
insert into EMPLOYEE (id, first_name, last_name, salary, birth_date, active, department_id) values (160, 'Charlton', 'Watchorn', 3533, '1976-06-06', true, 4);
insert into EMPLOYEE (id, first_name, last_name, salary, birth_date, active, department_id) values (161, 'Edgard', 'Kitchinham', 228, '1983-11-25', true, 3);
insert into EMPLOYEE (id, first_name, last_name, salary, birth_date, active, department_id) values (162, 'Silvan', 'Pidgeley', 4924, '1996-03-22', true, 4);
insert into EMPLOYEE (id, first_name, last_name, salary, birth_date, active, department_id) values (163, 'Ursuline', 'Dominichetti', 4031, '1977-03-23', true, 5);
insert into EMPLOYEE (id, first_name, last_name, salary, birth_date, active, department_id) values (164, 'Frasquito', 'Zanassi', 2413, '1960-08-19', false, 4);
insert into EMPLOYEE (id, first_name, last_name, salary, birth_date, active, department_id) values (165, 'Easter', 'Currer', 1647, '2004-10-18', false, 5);
insert into EMPLOYEE (id, first_name, last_name, salary, birth_date, active, department_id) values (166, 'Goddard', 'Askem', 2947, '1967-06-09', false, 9);
insert into EMPLOYEE (id, first_name, last_name, salary, birth_date, active, department_id) values (167, 'Burnaby', 'Beatty', 2527, '1992-01-19', false, 3);
insert into EMPLOYEE (id, first_name, last_name, salary, birth_date, active, department_id) values (168, 'Ade', 'Emps', 2978, '1980-05-18', false, 7);
insert into EMPLOYEE (id, first_name, last_name, salary, birth_date, active, department_id) values (169, 'Isidor', 'Bamfield', 3528, '1989-10-02', false, 2);
insert into EMPLOYEE (id, first_name, last_name, salary, birth_date, active, department_id) values (170, 'Lethia', 'Pomroy', 2227, '1962-06-26', true, 7);
insert into EMPLOYEE (id, first_name, last_name, salary, birth_date, active, department_id) values (171, 'Lyle', 'Vanelli', 293, '2006-11-14', true, 6);
insert into EMPLOYEE (id, first_name, last_name, salary, birth_date, active, department_id) values (172, 'Linn', 'Tomczynski', 3068, '1989-05-21', true, 4);
insert into EMPLOYEE (id, first_name, last_name, salary, birth_date, active, department_id) values (173, 'Hi', 'Gotcliff', 2537, '1993-04-06', true, 11);
insert into EMPLOYEE (id, first_name, last_name, salary, birth_date, active, department_id) values (174, 'Timoteo', 'Chatain', 2725, '1978-12-12', false, 4);
insert into EMPLOYEE (id, first_name, last_name, salary, birth_date, active, department_id) values (175, 'Tuck', 'Allin', 4688, '1969-01-16', false, 10);
insert into EMPLOYEE (id, first_name, last_name, salary, birth_date, active, department_id) values (176, 'Andeee', 'Jozsika', 1507, '1966-05-03', false, 10);
insert into EMPLOYEE (id, first_name, last_name, salary, birth_date, active, department_id) values (177, 'Bran', 'Bramhill', 3194, '1996-09-29', true, 3);
insert into EMPLOYEE (id, first_name, last_name, salary, birth_date, active, department_id) values (178, 'Lorita', 'Akester', 217, '2001-02-10', false, 8);
insert into EMPLOYEE (id, first_name, last_name, salary, birth_date, active, department_id) values (179, 'Kalvin', 'Cannan', 3854, '1977-05-05', false, 5);
insert into EMPLOYEE (id, first_name, last_name, salary, birth_date, active, department_id) values (180, 'Kylynn', 'Gorger', 1676, '2000-12-21', true, 11);
insert into EMPLOYEE (id, first_name, last_name, salary, birth_date, active, department_id) values (181, 'Hermann', 'Cornill', 3764, '1970-02-17', false, 7);
insert into EMPLOYEE (id, first_name, last_name, salary, birth_date, active, department_id) values (182, 'Fritz', 'Danielian', 4949, '1957-01-16', true, 3);
insert into EMPLOYEE (id, first_name, last_name, salary, birth_date, active, department_id) values (183, 'Benjie', 'Mallindine', 1704, '1985-10-07', false, 5);
insert into EMPLOYEE (id, first_name, last_name, salary, birth_date, active, department_id) values (184, 'Laverne', 'Broseke', 1746, '1999-12-19', true, 7);
insert into EMPLOYEE (id, first_name, last_name, salary, birth_date, active, department_id) values (185, 'Hector', 'Paszek', 2775, '1951-03-31', false, 4);
insert into EMPLOYEE (id, first_name, last_name, salary, birth_date, active, department_id) values (186, 'Jon', 'Olexa', 4339, '1964-03-06', false, 10);
insert into EMPLOYEE (id, first_name, last_name, salary, birth_date, active, department_id) values (187, 'Ursa', 'Cribbin', 995, '2011-04-29', true, 4);
insert into EMPLOYEE (id, first_name, last_name, salary, birth_date, active, department_id) values (188, 'Montgomery', 'Collough', 867, '1990-07-06', false, 10);
insert into EMPLOYEE (id, first_name, last_name, salary, birth_date, active, department_id) values (189, 'Bliss', 'Habbal', 2120, '1989-04-07', false, 4);
insert into EMPLOYEE (id, first_name, last_name, salary, birth_date, active, department_id) values (190, 'Abramo', 'Claessens', 3988, '1977-02-12', false, 9);
insert into EMPLOYEE (id, first_name, last_name, salary, birth_date, active, department_id) values (191, 'Tressa', 'Stapforth', 4541, '2010-02-22', true, 2);
insert into EMPLOYEE (id, first_name, last_name, salary, birth_date, active, department_id) values (192, 'Lin', 'Fairholme', 3758, '2000-02-23', false, 4);
insert into EMPLOYEE (id, first_name, last_name, salary, birth_date, active, department_id) values (193, 'Johannes', 'Clemmett', 4600, '2008-12-29', false, 10);
insert into EMPLOYEE (id, first_name, last_name, salary, birth_date, active, department_id) values (194, 'Tito', 'Klich', 4565, '1980-06-15', false, 9);
insert into EMPLOYEE (id, first_name, last_name, salary, birth_date, active, department_id) values (195, 'Killie', 'Dressel', 4210, '1971-09-25', true, 9);
insert into EMPLOYEE (id, first_name, last_name, salary, birth_date, active, department_id) values (196, 'Annora', 'Rookes', 2936, '1977-06-13', true, 9);
insert into EMPLOYEE (id, first_name, last_name, salary, birth_date, active, department_id) values (197, 'Izabel', 'Blind', 47, '2011-10-26', true, 11);
insert into EMPLOYEE (id, first_name, last_name, salary, birth_date, active, department_id) values (198, 'Delinda', 'Durnall', 2343, '1974-10-13', false, 5);
insert into EMPLOYEE (id, first_name, last_name, salary, birth_date, active, department_id) values (199, 'Francklyn', 'Dumbelton', 3880, '1961-12-29', true, 7);
insert into EMPLOYEE (id, first_name, last_name, salary, birth_date, active, department_id) values (200, 'Towny', 'Tambling', 4734, '1989-02-14', false, 4);
insert into EMPLOYEE (id, first_name, last_name, salary, birth_date, active, department_id) values (201, 'Vivia', 'Baskerfield', 1606, '1996-02-06', false, 2);
insert into EMPLOYEE (id, first_name, last_name, salary, birth_date, active, department_id) values (202, 'Candi', 'Quinn', 2850, '2011-10-08', false, 6);
insert into EMPLOYEE (id, first_name, last_name, salary, birth_date, active, department_id) values (203, 'Fred', 'O''Doireidh', 2341, '2004-12-28', true, 10);
insert into EMPLOYEE (id, first_name, last_name, salary, birth_date, active, department_id) values (204, 'Rozele', 'Ensley', 3948, '2009-01-04', true, 4);
insert into EMPLOYEE (id, first_name, last_name, salary, birth_date, active, department_id) values (205, 'Ronald', 'Southey', 996, '1994-07-05', true, 4);
insert into EMPLOYEE (id, first_name, last_name, salary, birth_date, active, department_id) values (206, 'Isa', 'Delbergue', 1269, '1964-09-09', true, 5);
insert into EMPLOYEE (id, first_name, last_name, salary, birth_date, active, department_id) values (207, 'Shayna', 'Markham', 3191, '1956-01-25', false, 10);
insert into EMPLOYEE (id, first_name, last_name, salary, birth_date, active, department_id) values (208, 'Alfonso', 'Reekie', 4670, '2007-01-12', true, 2);
insert into EMPLOYEE (id, first_name, last_name, salary, birth_date, active, department_id) values (209, 'Oralla', 'Galiford', 700, '1959-06-29', true, 5);
insert into EMPLOYEE (id, first_name, last_name, salary, birth_date, active, department_id) values (210, 'Benn', 'Dureden', 4239, '1992-02-13', true, 4);
insert into EMPLOYEE (id, first_name, last_name, salary, birth_date, active, department_id) values (211, 'Benn', 'Houlson', 14, '1979-07-03', false, 10);
insert into EMPLOYEE (id, first_name, last_name, salary, birth_date, active, department_id) values (212, 'Russ', 'Bayle', 1059, '1985-11-10', true, 2);
insert into EMPLOYEE (id, first_name, last_name, salary, birth_date, active, department_id) values (213, 'Willi', 'Spyby', 705, '1951-10-20', true, 10);
insert into EMPLOYEE (id, first_name, last_name, salary, birth_date, active, department_id) values (214, 'Quill', 'Carlon', 2901, '1966-06-03', false, 1);
insert into EMPLOYEE (id, first_name, last_name, salary, birth_date, active, department_id) values (215, 'Townsend', 'Grummitt', 253, '2003-11-28', false, 10);
insert into EMPLOYEE (id, first_name, last_name, salary, birth_date, active, department_id) values (216, 'Raine', 'Ridings', 3399, '1993-07-01', false, 1);
insert into EMPLOYEE (id, first_name, last_name, salary, birth_date, active, department_id) values (217, 'Stevena', 'Otley', 256, '1992-10-11', true, 2);
insert into EMPLOYEE (id, first_name, last_name, salary, birth_date, active, department_id) values (218, 'Saundra', 'Wrathmell', 1596, '2010-11-10', false, 10);
insert into EMPLOYEE (id, first_name, last_name, salary, birth_date, active, department_id) values (219, 'Massimo', 'Ostridge', 1269, '1976-04-27', false, 6);
insert into EMPLOYEE (id, first_name, last_name, salary, birth_date, active, department_id) values (220, 'Cirillo', 'Juara', 3705, '1994-10-08', true, 6);
insert into EMPLOYEE (id, first_name, last_name, salary, birth_date, active, department_id) values (221, 'Benito', 'Matuszkiewicz', 390, '2006-03-19', true, 1);
insert into EMPLOYEE (id, first_name, last_name, salary, birth_date, active, department_id) values (222, 'Ignazio', 'Piche', 382, '2008-09-29', true, 7);
insert into EMPLOYEE (id, first_name, last_name, salary, birth_date, active, department_id) values (223, 'Sonny', 'Marrill', 4783, '1990-06-15', false, 6);
insert into EMPLOYEE (id, first_name, last_name, salary, birth_date, active, department_id) values (224, 'Katherina', 'Mace', 1553, '1951-11-11', false, 7);
insert into EMPLOYEE (id, first_name, last_name, salary, birth_date, active, department_id) values (225, 'Albie', 'Brozsset', 3682, '1992-11-10', false, 8);
insert into EMPLOYEE (id, first_name, last_name, salary, birth_date, active, department_id) values (226, 'Gabrila', 'Ferrierio', 653, '1959-08-15', true, 1);
insert into EMPLOYEE (id, first_name, last_name, salary, birth_date, active, department_id) values (227, 'Hartwell', 'Winfindale', 3347, '1997-10-04', false, 6);
insert into EMPLOYEE (id, first_name, last_name, salary, birth_date, active, department_id) values (228, 'Cassandry', 'Reames', 1408, '1953-10-29', true, 2);
insert into EMPLOYEE (id, first_name, last_name, salary, birth_date, active, department_id) values (229, 'Saraann', 'Duthie', 2266, '1970-06-25', false, 7);
insert into EMPLOYEE (id, first_name, last_name, salary, birth_date, active, department_id) values (230, 'Jacklyn', 'Bailles', 4288, '1999-12-08', false, 3);
insert into EMPLOYEE (id, first_name, last_name, salary, birth_date, active, department_id) values (231, 'Deanne', 'Exley', 381, '1966-08-11', false, 8);
insert into EMPLOYEE (id, first_name, last_name, salary, birth_date, active, department_id) values (232, 'Ilsa', 'Gager', 419, '1972-02-18', true, 10);
insert into EMPLOYEE (id, first_name, last_name, salary, birth_date, active, department_id) values (233, 'Dwain', 'Wingfield', 1257, '1956-01-29', true, 10);
insert into EMPLOYEE (id, first_name, last_name, salary, birth_date, active, department_id) values (234, 'Shaine', 'Schiefersten', 2668, '2003-04-26', false, 1);
insert into EMPLOYEE (id, first_name, last_name, salary, birth_date, active, department_id) values (235, 'Ric', 'Friskey', 3375, '2007-05-03', true, 1);
insert into EMPLOYEE (id, first_name, last_name, salary, birth_date, active, department_id) values (236, 'Rustin', 'Godley', 3573, '1970-07-27', false, 6);
insert into EMPLOYEE (id, first_name, last_name, salary, birth_date, active, department_id) values (237, 'Arnuad', 'Grayling', 2516, '1999-03-07', true, 11);
insert into EMPLOYEE (id, first_name, last_name, salary, birth_date, active, department_id) values (238, 'Case', 'Storrier', 4528, '1984-09-26', true, 3);
insert into EMPLOYEE (id, first_name, last_name, salary, birth_date, active, department_id) values (239, 'Noel', 'Stening', 3809, '1967-04-09', true, 11);
insert into EMPLOYEE (id, first_name, last_name, salary, birth_date, active, department_id) values (240, 'Issie', 'Checklin', 3954, '1991-02-02', true, 10);
insert into EMPLOYEE (id, first_name, last_name, salary, birth_date, active, department_id) values (241, 'Lanette', 'Haddleston', 1445, '1969-07-18', true, 8);
insert into EMPLOYEE (id, first_name, last_name, salary, birth_date, active, department_id) values (242, 'Margaretta', 'Nesbeth', 3924, '1955-02-01', true, 5);
insert into EMPLOYEE (id, first_name, last_name, salary, birth_date, active, department_id) values (243, 'Inigo', 'McRobb', 204, '1963-10-16', false, 7);
insert into EMPLOYEE (id, first_name, last_name, salary, birth_date, active, department_id) values (244, 'Michaella', 'Coop', 428, '1975-12-25', false, 1);
insert into EMPLOYEE (id, first_name, last_name, salary, birth_date, active, department_id) values (245, 'Washington', 'Clayworth', 4757, '1983-01-04', false, 1);
insert into EMPLOYEE (id, first_name, last_name, salary, birth_date, active, department_id) values (246, 'Haskel', 'Allbrook', 2628, '1959-02-10', false, 5);
insert into EMPLOYEE (id, first_name, last_name, salary, birth_date, active, department_id) values (247, 'Carroll', 'Pratte', 1556, '2006-12-10', false, 11);
insert into EMPLOYEE (id, first_name, last_name, salary, birth_date, active, department_id) values (248, 'Mariquilla', 'Stroton', 4061, '2000-01-29', true, 5);
insert into EMPLOYEE (id, first_name, last_name, salary, birth_date, active, department_id) values (249, 'Dorella', 'Macconaghy', 2805, '1957-11-20', false, 11);
insert into EMPLOYEE (id, first_name, last_name, salary, birth_date, active, department_id) values (250, 'Hieronymus', 'Beecker', 2361, '2008-09-08', false, 8);
insert into EMPLOYEE (id, first_name, last_name, salary, birth_date, active, department_id) values (251, 'Fidelio', 'Saunt', 1920, '1992-04-07', false, 9);
insert into EMPLOYEE (id, first_name, last_name, salary, birth_date, active, department_id) values (252, 'Blanch', 'Fanthome', 3053, '1990-06-20', false, 7);
insert into EMPLOYEE (id, first_name, last_name, salary, birth_date, active, department_id) values (253, 'Normy', 'Finden', 417, '1984-12-08', false, 6);
insert into EMPLOYEE (id, first_name, last_name, salary, birth_date, active, department_id) values (254, 'Irma', 'Edmonstone', 4649, '2001-04-16', false, 6);
insert into EMPLOYEE (id, first_name, last_name, salary, birth_date, active, department_id) values (255, 'Kit', 'Shutt', 4718, '1982-02-15', false, 10);
insert into EMPLOYEE (id, first_name, last_name, salary, birth_date, active, department_id) values (256, 'Maison', 'Coathup', 3774, '1964-09-04', true, 3);
insert into EMPLOYEE (id, first_name, last_name, salary, birth_date, active, department_id) values (257, 'Eileen', 'Cockerell', 1433, '1978-06-19', false, 4);
insert into EMPLOYEE (id, first_name, last_name, salary, birth_date, active, department_id) values (258, 'Dimitry', 'Dellow', 2385, '1988-04-25', false, 7);
insert into EMPLOYEE (id, first_name, last_name, salary, birth_date, active, department_id) values (259, 'Frances', 'Procter', 1595, '1994-09-04', true, 3);
insert into EMPLOYEE (id, first_name, last_name, salary, birth_date, active, department_id) values (260, 'Pate', 'Martyn', 99, '2009-03-28', false, 2);
insert into EMPLOYEE (id, first_name, last_name, salary, birth_date, active, department_id) values (261, 'Alfonso', 'Franken', 3737, '1953-12-06', false, 1);
insert into EMPLOYEE (id, first_name, last_name, salary, birth_date, active, department_id) values (262, 'Kasper', 'Orrow', 495, '1982-04-01', true, 6);
insert into EMPLOYEE (id, first_name, last_name, salary, birth_date, active, department_id) values (263, 'Waite', 'de Broke', 4628, '1970-09-11', true, 3);
insert into EMPLOYEE (id, first_name, last_name, salary, birth_date, active, department_id) values (264, 'Danielle', 'Seleway', 1237, '1965-05-09', true, 8);
insert into EMPLOYEE (id, first_name, last_name, salary, birth_date, active, department_id) values (265, 'Lotti', 'Bonnor', 2244, '1986-09-01', false, 2);
insert into EMPLOYEE (id, first_name, last_name, salary, birth_date, active, department_id) values (266, 'Clara', 'Haig', 290, '1991-02-19', true, 1);
insert into EMPLOYEE (id, first_name, last_name, salary, birth_date, active, department_id) values (267, 'Lindsay', 'Byforth', 3937, '1952-02-22', false, 4);
insert into EMPLOYEE (id, first_name, last_name, salary, birth_date, active, department_id) values (268, 'Gretna', 'Gligoraci', 1345, '1959-03-05', false, 1);
insert into EMPLOYEE (id, first_name, last_name, salary, birth_date, active, department_id) values (269, 'Dreddy', 'Harmstone', 115, '1958-06-21', false, 10);
insert into EMPLOYEE (id, first_name, last_name, salary, birth_date, active, department_id) values (270, 'Marjie', 'Bordessa', 860, '1982-12-24', true, 4);
insert into EMPLOYEE (id, first_name, last_name, salary, birth_date, active, department_id) values (271, 'Rubi', 'Vannini', 168, '1989-02-12', false, 2);
insert into EMPLOYEE (id, first_name, last_name, salary, birth_date, active, department_id) values (272, 'Sanford', 'Moff', 2102, '1993-06-09', true, 4);
insert into EMPLOYEE (id, first_name, last_name, salary, birth_date, active, department_id) values (273, 'Marten', 'Reiner', 4570, '1984-11-05', false, 9);
insert into EMPLOYEE (id, first_name, last_name, salary, birth_date, active, department_id) values (274, 'Zora', 'Peschet', 3536, '1983-07-18', false, 4);
insert into EMPLOYEE (id, first_name, last_name, salary, birth_date, active, department_id) values (275, 'Leonardo', 'Bulle', 4198, '1991-01-30', false, 1);
insert into EMPLOYEE (id, first_name, last_name, salary, birth_date, active, department_id) values (276, 'Alene', 'Tunmore', 2873, '2000-05-13', false, 3);
insert into EMPLOYEE (id, first_name, last_name, salary, birth_date, active, department_id) values (277, 'Esme', 'Gane', 2946, '1950-12-29', false, 8);
insert into EMPLOYEE (id, first_name, last_name, salary, birth_date, active, department_id) values (278, 'Maisey', 'Civitillo', 1638, '1968-11-15', true, 1);
insert into EMPLOYEE (id, first_name, last_name, salary, birth_date, active, department_id) values (279, 'Vin', 'Cresswell', 902, '1953-08-16', false, 2);
insert into EMPLOYEE (id, first_name, last_name, salary, birth_date, active, department_id) values (280, 'Chadwick', 'Dufore', 4300, '2002-04-21', true, 3);
insert into EMPLOYEE (id, first_name, last_name, salary, birth_date, active, department_id) values (281, 'Rayshell', 'Louiset', 3522, '1991-08-31', true, 11);
insert into EMPLOYEE (id, first_name, last_name, salary, birth_date, active, department_id) values (282, 'Hubert', 'Stainer', 731, '1997-12-11', false, 9);
insert into EMPLOYEE (id, first_name, last_name, salary, birth_date, active, department_id) values (283, 'Emili', 'Arnolds', 3484, '1964-03-18', true, 10);
insert into EMPLOYEE (id, first_name, last_name, salary, birth_date, active, department_id) values (284, 'Gordy', 'Pole', 3301, '1963-09-21', true, 5);
insert into EMPLOYEE (id, first_name, last_name, salary, birth_date, active, department_id) values (285, 'Bunnie', 'Bignold', 3511, '1966-06-18', false, 2);
insert into EMPLOYEE (id, first_name, last_name, salary, birth_date, active, department_id) values (286, 'Windy', 'Clempton', 3655, '1973-03-14', false, 5);
insert into EMPLOYEE (id, first_name, last_name, salary, birth_date, active, department_id) values (287, 'Reidar', 'Risson', 4706, '1955-05-26', true, 10);
insert into EMPLOYEE (id, first_name, last_name, salary, birth_date, active, department_id) values (288, 'Lucila', 'Cockerham', 3984, '1999-08-12', false, 4);
insert into EMPLOYEE (id, first_name, last_name, salary, birth_date, active, department_id) values (289, 'Viki', 'Twist', 670, '1983-12-16', false, 9);
insert into EMPLOYEE (id, first_name, last_name, salary, birth_date, active, department_id) values (290, 'Johnathon', 'Marking', 2623, '2012-07-26', true, 3);
insert into EMPLOYEE (id, first_name, last_name, salary, birth_date, active, department_id) values (291, 'Cherise', 'Farry', 232, '1974-08-11', false, 2);
insert into EMPLOYEE (id, first_name, last_name, salary, birth_date, active, department_id) values (292, 'Alida', 'Briddock', 3918, '2004-09-14', false, 5);
insert into EMPLOYEE (id, first_name, last_name, salary, birth_date, active, department_id) values (293, 'Armand', 'McMullen', 3380, '1993-12-25', true, 1);
insert into EMPLOYEE (id, first_name, last_name, salary, birth_date, active, department_id) values (294, 'Arlin', 'Macklin', 949, '2000-10-07', false, 6);
insert into EMPLOYEE (id, first_name, last_name, salary, birth_date, active, department_id) values (295, 'Dianna', 'Banner', 3495, '1959-06-18', true, 2);
insert into EMPLOYEE (id, first_name, last_name, salary, birth_date, active, department_id) values (296, 'Garey', 'Sautter', 478, '1950-10-24', true, 5);
insert into EMPLOYEE (id, first_name, last_name, salary, birth_date, active, department_id) values (297, 'Kerry', 'Halversen', 987, '1981-08-14', false, 10);
insert into EMPLOYEE (id, first_name, last_name, salary, birth_date, active, department_id) values (298, 'Ynes', 'Dubery', 80, '1987-09-18', true, 7);
insert into EMPLOYEE (id, first_name, last_name, salary, birth_date, active, department_id) values (299, 'Kania', 'Bearsmore', 2038, '1989-09-18', true, 11);
insert into EMPLOYEE (id, first_name, last_name, salary, birth_date, active, department_id) values (300, 'Jule', 'Instrell', 3129, '1957-03-10', true, 2);
insert into EMPLOYEE (id, first_name, last_name, salary, birth_date, active, department_id) values (301, 'Jordan', 'Sheriff', 2889, '1959-10-04', true, 1);
insert into EMPLOYEE (id, first_name, last_name, salary, birth_date, active, department_id) values (302, 'Lanny', 'Hanlin', 3600, '2012-08-13', true, 3);
insert into EMPLOYEE (id, first_name, last_name, salary, birth_date, active, department_id) values (303, 'Melanie', 'Hiom', 1448, '1950-12-24', true, 7);
insert into EMPLOYEE (id, first_name, last_name, salary, birth_date, active, department_id) values (304, 'Florie', 'Richichi', 1267, '2009-03-03', false, 7);
insert into EMPLOYEE (id, first_name, last_name, salary, birth_date, active, department_id) values (305, 'Christie', 'Gunstone', 2256, '1994-04-17', false, 11);
insert into EMPLOYEE (id, first_name, last_name, salary, birth_date, active, department_id) values (306, 'Benedikt', 'Staresmeare', 427, '1967-03-25', false, 5);
insert into EMPLOYEE (id, first_name, last_name, salary, birth_date, active, department_id) values (307, 'Jephthah', 'Glencrash', 1124, '2010-10-02', false, 7);
insert into EMPLOYEE (id, first_name, last_name, salary, birth_date, active, department_id) values (308, 'Arabela', 'Dumbrill', 1982, '1974-12-03', true, 10);
insert into EMPLOYEE (id, first_name, last_name, salary, birth_date, active, department_id) values (309, 'Robin', 'Putman', 1663, '1981-01-28', true, 6);
insert into EMPLOYEE (id, first_name, last_name, salary, birth_date, active, department_id) values (310, 'Wileen', 'Goshawk', 781, '2005-03-04', true, 9);
insert into EMPLOYEE (id, first_name, last_name, salary, birth_date, active, department_id) values (311, 'Shayne', 'Falkinder', 1655, '1996-02-13', true, 10);
insert into EMPLOYEE (id, first_name, last_name, salary, birth_date, active, department_id) values (312, 'Xever', 'Shelf', 3978, '1998-05-25', true, 4);
insert into EMPLOYEE (id, first_name, last_name, salary, birth_date, active, department_id) values (313, 'Godart', 'Skeech', 4587, '1999-05-20', true, 2);
insert into EMPLOYEE (id, first_name, last_name, salary, birth_date, active, department_id) values (314, 'Wilmer', 'Merrgen', 4840, '1965-05-28', false, 10);
insert into EMPLOYEE (id, first_name, last_name, salary, birth_date, active, department_id) values (315, 'Rhetta', 'Nunnery', 3960, '1968-08-31', false, 5);
insert into EMPLOYEE (id, first_name, last_name, salary, birth_date, active, department_id) values (316, 'Jessee', 'Rowena', 2889, '2002-11-02', false, 5);
insert into EMPLOYEE (id, first_name, last_name, salary, birth_date, active, department_id) values (317, 'Matthus', 'Digan', 2515, '1986-12-02', false, 2);
insert into EMPLOYEE (id, first_name, last_name, salary, birth_date, active, department_id) values (318, 'Ivette', 'Slator', 993, '1959-04-27', false, 3);
insert into EMPLOYEE (id, first_name, last_name, salary, birth_date, active, department_id) values (319, 'Guinna', 'Simonnet', 492, '1961-05-23', false, 8);
insert into EMPLOYEE (id, first_name, last_name, salary, birth_date, active, department_id) values (320, 'Hadleigh', 'O''Hoolahan', 49, '1996-07-04', false, 5);
insert into EMPLOYEE (id, first_name, last_name, salary, birth_date, active, department_id) values (321, 'Dagmar', 'Cristofori', 3479, '2004-01-23', false, 9);
insert into EMPLOYEE (id, first_name, last_name, salary, birth_date, active, department_id) values (322, 'Gae', 'Hackett', 7, '1986-05-24', false, 4);
insert into EMPLOYEE (id, first_name, last_name, salary, birth_date, active, department_id) values (323, 'Jackson', 'Coenraets', 4899, '1973-09-08', true, 3);
insert into EMPLOYEE (id, first_name, last_name, salary, birth_date, active, department_id) values (324, 'Barnaby', 'Paff', 2038, '1952-02-05', true, 9);
insert into EMPLOYEE (id, first_name, last_name, salary, birth_date, active, department_id) values (325, 'Blaire', 'Dobrovsky', 696, '1976-02-15', true, 2);
insert into EMPLOYEE (id, first_name, last_name, salary, birth_date, active, department_id) values (326, 'Josh', 'Belsham', 2394, '1993-03-06', false, 1);
insert into EMPLOYEE (id, first_name, last_name, salary, birth_date, active, department_id) values (327, 'Beverley', 'Farquarson', 2971, '1953-08-25', false, 8);
insert into EMPLOYEE (id, first_name, last_name, salary, birth_date, active, department_id) values (328, 'Lindy', 'Widdup', 3860, '1973-08-03', false, 9);
insert into EMPLOYEE (id, first_name, last_name, salary, birth_date, active, department_id) values (329, 'Kissee', 'Byas', 34, '1997-12-25', false, 6);
insert into EMPLOYEE (id, first_name, last_name, salary, birth_date, active, department_id) values (330, 'Dorella', 'Goodnow', 3954, '1962-12-23', true, 3);
insert into EMPLOYEE (id, first_name, last_name, salary, birth_date, active, department_id) values (331, 'Milissent', 'Draye', 3287, '1994-10-03', false, 8);
insert into EMPLOYEE (id, first_name, last_name, salary, birth_date, active, department_id) values (332, 'Concordia', 'Eddy', 4381, '1995-06-10', true, 6);
insert into EMPLOYEE (id, first_name, last_name, salary, birth_date, active, department_id) values (333, 'Hayden', 'Schistl', 4387, '1957-01-16', true, 6);
insert into EMPLOYEE (id, first_name, last_name, salary, birth_date, active, department_id) values (334, 'Cathleen', 'Laweles', 625, '1957-03-15', true, 5);
insert into EMPLOYEE (id, first_name, last_name, salary, birth_date, active, department_id) values (335, 'Clevey', 'Jasiak', 4527, '1986-08-17', true, 11);
insert into EMPLOYEE (id, first_name, last_name, salary, birth_date, active, department_id) values (336, 'Jake', 'Tamlett', 3819, '1997-05-25', false, 5);
insert into EMPLOYEE (id, first_name, last_name, salary, birth_date, active, department_id) values (337, 'Thornie', 'Jewitt', 2886, '1997-05-17', true, 1);
insert into EMPLOYEE (id, first_name, last_name, salary, birth_date, active, department_id) values (338, 'Myrna', 'Mussalli', 1700, '1956-09-05', false, 1);
insert into EMPLOYEE (id, first_name, last_name, salary, birth_date, active, department_id) values (339, 'Vasilis', 'MacKerley', 1003, '2007-09-13', false, 3);
insert into EMPLOYEE (id, first_name, last_name, salary, birth_date, active, department_id) values (340, 'Dennie', 'Spirritt', 866, '1959-05-20', false, 7);
insert into EMPLOYEE (id, first_name, last_name, salary, birth_date, active, department_id) values (341, 'Angelique', 'Tinmouth', 1881, '1999-10-16', true, 8);
insert into EMPLOYEE (id, first_name, last_name, salary, birth_date, active, department_id) values (342, 'Alix', 'Selwin', 4076, '2001-11-15', false, 5);
insert into EMPLOYEE (id, first_name, last_name, salary, birth_date, active, department_id) values (343, 'Fredi', 'Mellhuish', 51, '2010-04-02', true, 3);
insert into EMPLOYEE (id, first_name, last_name, salary, birth_date, active, department_id) values (344, 'Garey', 'Stolte', 4489, '2000-10-26', true, 1);
insert into EMPLOYEE (id, first_name, last_name, salary, birth_date, active, department_id) values (345, 'Nelson', 'Tatters', 2155, '1974-06-08', true, 3);
insert into EMPLOYEE (id, first_name, last_name, salary, birth_date, active, department_id) values (346, 'Quinlan', 'Heninghem', 2620, '1982-12-19', false, 10);
insert into EMPLOYEE (id, first_name, last_name, salary, birth_date, active, department_id) values (347, 'Marris', 'Habron', 4168, '1950-02-25', true, 4);
insert into EMPLOYEE (id, first_name, last_name, salary, birth_date, active, department_id) values (348, 'Tiler', 'Collimore', 2352, '1983-04-16', false, 4);
insert into EMPLOYEE (id, first_name, last_name, salary, birth_date, active, department_id) values (349, 'Wildon', 'Featenby', 2385, '1995-07-04', true, 4);
insert into EMPLOYEE (id, first_name, last_name, salary, birth_date, active, department_id) values (350, 'Jeremias', 'Lyle', 3110, '1969-11-08', true, 2);
insert into EMPLOYEE (id, first_name, last_name, salary, birth_date, active, department_id) values (351, 'Katrine', 'Fogg', 2013, '1969-11-10', true, 2);
insert into EMPLOYEE (id, first_name, last_name, salary, birth_date, active, department_id) values (352, 'Cordy', 'Labb', 3084, '1954-11-13', true, 6);
insert into EMPLOYEE (id, first_name, last_name, salary, birth_date, active, department_id) values (353, 'Vin', 'Raffin', 141, '1972-10-09', false, 7);
insert into EMPLOYEE (id, first_name, last_name, salary, birth_date, active, department_id) values (354, 'Kathye', 'Kensitt', 3349, '1981-01-29', true, 3);
insert into EMPLOYEE (id, first_name, last_name, salary, birth_date, active, department_id) values (355, 'Stuart', 'Stonebanks', 654, '1966-04-09', true, 6);
insert into EMPLOYEE (id, first_name, last_name, salary, birth_date, active, department_id) values (356, 'Mela', 'Codrington', 2204, '2008-08-25', true, 9);
insert into EMPLOYEE (id, first_name, last_name, salary, birth_date, active, department_id) values (357, 'Brena', 'Wyrill', 356, '1956-08-20', true, 8);
insert into EMPLOYEE (id, first_name, last_name, salary, birth_date, active, department_id) values (358, 'Florinda', 'Kyd', 429, '1961-08-06', false, 11);
insert into EMPLOYEE (id, first_name, last_name, salary, birth_date, active, department_id) values (359, 'Hortensia', 'Loughren', 1628, '1957-11-23', false, 10);
insert into EMPLOYEE (id, first_name, last_name, salary, birth_date, active, department_id) values (360, 'Hilliard', 'Braganza', 1412, '2004-07-02', false, 1);
insert into EMPLOYEE (id, first_name, last_name, salary, birth_date, active, department_id) values (361, 'Nikola', 'Dowle', 2596, '1980-08-01', false, 8);
insert into EMPLOYEE (id, first_name, last_name, salary, birth_date, active, department_id) values (362, 'Laural', 'Molen', 903, '1958-09-15', true, 3);
insert into EMPLOYEE (id, first_name, last_name, salary, birth_date, active, department_id) values (363, 'Jenine', 'Muehler', 2915, '1975-08-07', false, 8);
insert into EMPLOYEE (id, first_name, last_name, salary, birth_date, active, department_id) values (364, 'Kane', 'Gavaran', 1308, '1994-01-14', false, 8);
insert into EMPLOYEE (id, first_name, last_name, salary, birth_date, active, department_id) values (365, 'Kellyann', 'Coomes', 192, '1989-10-16', false, 4);
insert into EMPLOYEE (id, first_name, last_name, salary, birth_date, active, department_id) values (366, 'Teodor', 'Kesteven', 1078, '1952-03-16', false, 2);
insert into EMPLOYEE (id, first_name, last_name, salary, birth_date, active, department_id) values (367, 'Ramsay', 'Bantham', 4198, '1962-03-28', true, 5);
insert into EMPLOYEE (id, first_name, last_name, salary, birth_date, active, department_id) values (368, 'Betty', 'Carstairs', 3777, '1969-08-23', false, 1);
insert into EMPLOYEE (id, first_name, last_name, salary, birth_date, active, department_id) values (369, 'Billi', 'Fishburn', 1041, '1989-07-16', false, 11);
insert into EMPLOYEE (id, first_name, last_name, salary, birth_date, active, department_id) values (370, 'Tawsha', 'MacAlester', 4361, '1951-10-04', true, 5);
insert into EMPLOYEE (id, first_name, last_name, salary, birth_date, active, department_id) values (371, 'Perren', 'Earthfield', 1971, '1950-10-17', false, 7);
insert into EMPLOYEE (id, first_name, last_name, salary, birth_date, active, department_id) values (372, 'Cyndi', 'Houlison', 3684, '1977-09-01', false, 10);
insert into EMPLOYEE (id, first_name, last_name, salary, birth_date, active, department_id) values (373, 'Melvyn', 'Forde', 735, '1969-03-16', true, 3);
insert into EMPLOYEE (id, first_name, last_name, salary, birth_date, active, department_id) values (374, 'Leeland', 'Pattrick', 245, '1976-11-27', false, 9);
insert into EMPLOYEE (id, first_name, last_name, salary, birth_date, active, department_id) values (375, 'Hestia', 'Stirland', 2168, '1965-09-01', true, 5);
insert into EMPLOYEE (id, first_name, last_name, salary, birth_date, active, department_id) values (376, 'Averil', 'Huxster', 638, '1977-05-02', true, 8);
insert into EMPLOYEE (id, first_name, last_name, salary, birth_date, active, department_id) values (377, 'Kerby', 'Cleaveland', 794, '1950-07-18', true, 7);
insert into EMPLOYEE (id, first_name, last_name, salary, birth_date, active, department_id) values (378, 'Thacher', 'Perocci', 4619, '1986-11-23', true, 4);
insert into EMPLOYEE (id, first_name, last_name, salary, birth_date, active, department_id) values (379, 'Nikos', 'Oppery', 1864, '1993-01-29', false, 5);
insert into EMPLOYEE (id, first_name, last_name, salary, birth_date, active, department_id) values (380, 'Frederik', 'Greenroa', 3826, '1950-07-20', true, 10);
insert into EMPLOYEE (id, first_name, last_name, salary, birth_date, active, department_id) values (381, 'Edwin', 'Brownill', 1776, '1998-03-22', true, 3);
insert into EMPLOYEE (id, first_name, last_name, salary, birth_date, active, department_id) values (382, 'Mozes', 'Currier', 1869, '1956-03-10', false, 1);
insert into EMPLOYEE (id, first_name, last_name, salary, birth_date, active, department_id) values (383, 'Matias', 'Statter', 3325, '1953-12-11', true, 1);
insert into EMPLOYEE (id, first_name, last_name, salary, birth_date, active, department_id) values (384, 'Raynard', 'Woodberry', 3652, '1981-11-17', true, 10);
insert into EMPLOYEE (id, first_name, last_name, salary, birth_date, active, department_id) values (385, 'Chrissie', 'Du Barry', 3173, '1966-04-09', true, 2);
insert into EMPLOYEE (id, first_name, last_name, salary, birth_date, active, department_id) values (386, 'Raye', 'Ferreri', 3180, '1970-10-24', true, 6);
insert into EMPLOYEE (id, first_name, last_name, salary, birth_date, active, department_id) values (387, 'Kesley', 'Pitchers', 656, '2002-07-27', true, 10);
insert into EMPLOYEE (id, first_name, last_name, salary, birth_date, active, department_id) values (388, 'Alane', 'Gurnay', 361, '1992-12-15', false, 7);
insert into EMPLOYEE (id, first_name, last_name, salary, birth_date, active, department_id) values (389, 'Jane', 'Wooddisse', 2012, '2004-10-16', false, 3);
insert into EMPLOYEE (id, first_name, last_name, salary, birth_date, active, department_id) values (390, 'Gilligan', 'Greneham', 3911, '1972-05-08', false, 4);
insert into EMPLOYEE (id, first_name, last_name, salary, birth_date, active, department_id) values (391, 'Philbert', 'Dunston', 135, '1981-12-19', false, 4);
insert into EMPLOYEE (id, first_name, last_name, salary, birth_date, active, department_id) values (392, 'Monte', 'Rodge', 910, '1963-01-22', true, 7);
insert into EMPLOYEE (id, first_name, last_name, salary, birth_date, active, department_id) values (393, 'Biddie', 'Treharne', 2951, '1970-07-29', false, 10);
insert into EMPLOYEE (id, first_name, last_name, salary, birth_date, active, department_id) values (394, 'Hetty', 'Kimm', 3214, '1995-04-29', true, 8);
insert into EMPLOYEE (id, first_name, last_name, salary, birth_date, active, department_id) values (395, 'Ingram', 'Vase', 3854, '1982-05-19', true, 6);
insert into EMPLOYEE (id, first_name, last_name, salary, birth_date, active, department_id) values (396, 'Allis', 'Tellenbrok', 2490, '1962-09-28', true, 5);
insert into EMPLOYEE (id, first_name, last_name, salary, birth_date, active, department_id) values (397, 'Abey', 'Charette', 3613, '1993-05-18', true, 1);
insert into EMPLOYEE (id, first_name, last_name, salary, birth_date, active, department_id) values (398, 'Carolus', 'Boutellier', 1793, '1971-03-29', true, 1);
insert into EMPLOYEE (id, first_name, last_name, salary, birth_date, active, department_id) values (399, 'Eula', 'Buesden', 3610, '1958-10-24', true, 10);
insert into EMPLOYEE (id, first_name, last_name, salary, birth_date, active, department_id) values (400, 'Zedekiah', 'Doerren', 4643, '2012-09-03', false, 10);
insert into EMPLOYEE (id, first_name, last_name, salary, birth_date, active, department_id) values (401, 'Bernie', 'Walklot', 173, '1992-12-13', false, 5);
insert into EMPLOYEE (id, first_name, last_name, salary, birth_date, active, department_id) values (402, 'Blithe', 'Jouen', 2034, '1951-08-12', false, 3);
insert into EMPLOYEE (id, first_name, last_name, salary, birth_date, active, department_id) values (403, 'Mindy', 'Clynmans', 406, '1970-05-03', false, 3);
insert into EMPLOYEE (id, first_name, last_name, salary, birth_date, active, department_id) values (404, 'Ferd', 'Lyst', 1328, '1995-01-24', false, 6);
insert into EMPLOYEE (id, first_name, last_name, salary, birth_date, active, department_id) values (405, 'Blondy', 'Byrde', 3505, '2000-06-10', true, 4);
insert into EMPLOYEE (id, first_name, last_name, salary, birth_date, active, department_id) values (406, 'Gilda', 'Winsor', 1171, '1984-08-21', false, 8);
insert into EMPLOYEE (id, first_name, last_name, salary, birth_date, active, department_id) values (407, 'Faber', 'Kisbey', 2559, '2011-01-29', false, 1);
insert into EMPLOYEE (id, first_name, last_name, salary, birth_date, active, department_id) values (408, 'Donica', 'Churn', 2486, '2012-03-19', false, 6);
insert into EMPLOYEE (id, first_name, last_name, salary, birth_date, active, department_id) values (409, 'Rebe', 'Mussotti', 853, '1967-08-23', false, 10);
insert into EMPLOYEE (id, first_name, last_name, salary, birth_date, active, department_id) values (410, 'Rosalinde', 'Selkirk', 175, '1979-05-09', false, 7);
insert into EMPLOYEE (id, first_name, last_name, salary, birth_date, active, department_id) values (411, 'Gretchen', 'Klehyn', 2624, '1967-05-10', false, 4);
insert into EMPLOYEE (id, first_name, last_name, salary, birth_date, active, department_id) values (412, 'Onfre', 'Crowden', 918, '1961-08-22', true, 10);
insert into EMPLOYEE (id, first_name, last_name, salary, birth_date, active, department_id) values (413, 'Antony', 'Halliday', 3428, '1997-06-03', false, 9);
insert into EMPLOYEE (id, first_name, last_name, salary, birth_date, active, department_id) values (414, 'Kiersten', 'Ernke', 2521, '2000-11-14', true, 4);
insert into EMPLOYEE (id, first_name, last_name, salary, birth_date, active, department_id) values (415, 'Ronny', 'Varndall', 1650, '1996-09-26', false, 3);
insert into EMPLOYEE (id, first_name, last_name, salary, birth_date, active, department_id) values (416, 'Gerek', 'Bagshawe', 1827, '1974-09-27', false, 4);
insert into EMPLOYEE (id, first_name, last_name, salary, birth_date, active, department_id) values (417, 'Terrance', 'Bente', 676, '1987-03-23', true, 3);
insert into EMPLOYEE (id, first_name, last_name, salary, birth_date, active, department_id) values (418, 'Ike', 'Toone', 4846, '1971-10-21', true, 11);
insert into EMPLOYEE (id, first_name, last_name, salary, birth_date, active, department_id) values (419, 'Rolland', 'Willson', 1427, '1992-04-11', false, 5);
insert into EMPLOYEE (id, first_name, last_name, salary, birth_date, active, department_id) values (420, 'Sonny', 'McNeilly', 1077, '1981-08-13', true, 3);
insert into EMPLOYEE (id, first_name, last_name, salary, birth_date, active, department_id) values (421, 'Slade', 'Benn', 3047, '1967-05-08', true, 10);
insert into EMPLOYEE (id, first_name, last_name, salary, birth_date, active, department_id) values (422, 'Nicoli', 'Van der Linde', 4401, '1995-03-06', false, 7);
insert into EMPLOYEE (id, first_name, last_name, salary, birth_date, active, department_id) values (423, 'Fabian', 'Draysay', 2841, '2003-06-04', true, 11);
insert into EMPLOYEE (id, first_name, last_name, salary, birth_date, active, department_id) values (424, 'Flory', 'Durbridge', 804, '1950-08-15', true, 9);
insert into EMPLOYEE (id, first_name, last_name, salary, birth_date, active, department_id) values (425, 'Birk', 'De Laci', 2588, '1977-10-14', false, 2);
insert into EMPLOYEE (id, first_name, last_name, salary, birth_date, active, department_id) values (426, 'Liesa', 'Chaldecott', 102, '1986-12-28', false, 10);
insert into EMPLOYEE (id, first_name, last_name, salary, birth_date, active, department_id) values (427, 'Rodge', 'Hyett', 4221, '1995-04-27', true, 5);
insert into EMPLOYEE (id, first_name, last_name, salary, birth_date, active, department_id) values (428, 'Cyndi', 'Daviddi', 3636, '1983-12-15', false, 4);
insert into EMPLOYEE (id, first_name, last_name, salary, birth_date, active, department_id) values (429, 'Hamlin', 'Wombwell', 2039, '2003-11-14', false, 8);
insert into EMPLOYEE (id, first_name, last_name, salary, birth_date, active, department_id) values (430, 'Tedmund', 'Jermy', 4618, '1961-12-19', true, 5);
insert into EMPLOYEE (id, first_name, last_name, salary, birth_date, active, department_id) values (431, 'Arlee', 'Warburton', 2901, '1977-03-22', true, 3);
insert into EMPLOYEE (id, first_name, last_name, salary, birth_date, active, department_id) values (432, 'Cecil', 'August', 2664, '1998-07-04', true, 9);
insert into EMPLOYEE (id, first_name, last_name, salary, birth_date, active, department_id) values (433, 'Gaven', 'Calley', 4342, '1987-04-15', true, 2);
insert into EMPLOYEE (id, first_name, last_name, salary, birth_date, active, department_id) values (434, 'Darya', 'Bravey', 3314, '1955-10-31', false, 1);
insert into EMPLOYEE (id, first_name, last_name, salary, birth_date, active, department_id) values (435, 'Lula', 'Escalero', 3055, '1952-10-09', false, 2);
insert into EMPLOYEE (id, first_name, last_name, salary, birth_date, active, department_id) values (436, 'Shaun', 'Dulson', 1991, '1962-02-03', true, 5);
insert into EMPLOYEE (id, first_name, last_name, salary, birth_date, active, department_id) values (437, 'Eward', 'Walas', 706, '1988-10-23', true, 6);
insert into EMPLOYEE (id, first_name, last_name, salary, birth_date, active, department_id) values (438, 'Rowney', 'Cronk', 1713, '1974-06-05', true, 3);
insert into EMPLOYEE (id, first_name, last_name, salary, birth_date, active, department_id) values (439, 'Jenine', 'Reicharz', 4702, '1967-07-08', true, 5);
insert into EMPLOYEE (id, first_name, last_name, salary, birth_date, active, department_id) values (440, 'Kathe', 'Ghilardi', 2721, '2002-04-18', false, 6);
insert into EMPLOYEE (id, first_name, last_name, salary, birth_date, active, department_id) values (441, 'Svend', 'Benediktsson', 448, '1985-10-11', false, 9);
insert into EMPLOYEE (id, first_name, last_name, salary, birth_date, active, department_id) values (442, 'Filbert', 'Scurrah', 3269, '1960-07-16', true, 4);
insert into EMPLOYEE (id, first_name, last_name, salary, birth_date, active, department_id) values (443, 'Diena', 'Chessel', 2118, '1991-11-23', true, 3);
insert into EMPLOYEE (id, first_name, last_name, salary, birth_date, active, department_id) values (444, 'Denny', 'Sparshatt', 577, '1950-06-26', true, 8);
insert into EMPLOYEE (id, first_name, last_name, salary, birth_date, active, department_id) values (445, 'Ryley', 'Olden', 2690, '1955-05-12', true, 2);
insert into EMPLOYEE (id, first_name, last_name, salary, birth_date, active, department_id) values (446, 'Shirley', 'Milson', 4668, '1979-09-11', true, 11);
insert into EMPLOYEE (id, first_name, last_name, salary, birth_date, active, department_id) values (447, 'Bucky', 'Labon', 2713, '1984-10-27', false, 7);
insert into EMPLOYEE (id, first_name, last_name, salary, birth_date, active, department_id) values (448, 'Richy', 'MacColl', 2482, '1972-05-01', true, 1);
insert into EMPLOYEE (id, first_name, last_name, salary, birth_date, active, department_id) values (449, 'Trudi', 'MacNeill', 882, '1983-08-10', true, 6);
insert into EMPLOYEE (id, first_name, last_name, salary, birth_date, active, department_id) values (450, 'Chico', 'Huckell', 4766, '1980-06-19', true, 5);
insert into EMPLOYEE (id, first_name, last_name, salary, birth_date, active, department_id) values (451, 'Torr', 'Caldero', 2951, '1987-10-23', false, 10);
insert into EMPLOYEE (id, first_name, last_name, salary, birth_date, active, department_id) values (452, 'Pet', 'Kordovani', 308, '1992-11-03', false, 2);
insert into EMPLOYEE (id, first_name, last_name, salary, birth_date, active, department_id) values (453, 'Sada', 'Simmen', 453, '1957-06-14', false, 10);
insert into EMPLOYEE (id, first_name, last_name, salary, birth_date, active, department_id) values (454, 'Aharon', 'Kenwin', 3896, '1971-12-06', false, 9);
insert into EMPLOYEE (id, first_name, last_name, salary, birth_date, active, department_id) values (455, 'Coretta', 'Goodere', 4009, '1977-01-14', true, 6);
insert into EMPLOYEE (id, first_name, last_name, salary, birth_date, active, department_id) values (456, 'Regina', 'Exell', 892, '1975-12-31', true, 10);
insert into EMPLOYEE (id, first_name, last_name, salary, birth_date, active, department_id) values (457, 'Abbey', 'MacLese', 24, '1993-03-03', false, 7);
insert into EMPLOYEE (id, first_name, last_name, salary, birth_date, active, department_id) values (458, 'Corey', 'Hartwright', 241, '2000-01-04', false, 4);
insert into EMPLOYEE (id, first_name, last_name, salary, birth_date, active, department_id) values (459, 'Aubrette', 'Izard', 4690, '1975-05-06', false, 3);
insert into EMPLOYEE (id, first_name, last_name, salary, birth_date, active, department_id) values (460, 'Mabelle', 'Akram', 4080, '2005-10-10', true, 6);
insert into EMPLOYEE (id, first_name, last_name, salary, birth_date, active, department_id) values (461, 'Emylee', 'Butt', 2392, '2004-09-04', true, 3);
insert into EMPLOYEE (id, first_name, last_name, salary, birth_date, active, department_id) values (462, 'Bree', 'Tann', 928, '1993-08-23', true, 5);
insert into EMPLOYEE (id, first_name, last_name, salary, birth_date, active, department_id) values (463, 'Ida', 'Shaplin', 4619, '1961-02-28', true, 5);
insert into EMPLOYEE (id, first_name, last_name, salary, birth_date, active, department_id) values (464, 'Hartley', 'Kubista', 1024, '1983-03-05', false, 9);
insert into EMPLOYEE (id, first_name, last_name, salary, birth_date, active, department_id) values (465, 'Sybilla', 'Marrows', 3502, '2009-12-11', true, 1);
insert into EMPLOYEE (id, first_name, last_name, salary, birth_date, active, department_id) values (466, 'Rosana', 'Earwicker', 3826, '1968-10-25', false, 4);
insert into EMPLOYEE (id, first_name, last_name, salary, birth_date, active, department_id) values (467, 'Dasha', 'Stucksbury', 3828, '1998-03-20', false, 5);
insert into EMPLOYEE (id, first_name, last_name, salary, birth_date, active, department_id) values (468, 'Junie', 'Spivey', 1490, '1975-07-03', false, 8);
insert into EMPLOYEE (id, first_name, last_name, salary, birth_date, active, department_id) values (469, 'Gus', 'Bernard', 3034, '1984-01-10', true, 7);
insert into EMPLOYEE (id, first_name, last_name, salary, birth_date, active, department_id) values (470, 'Sherlock', 'Pollard', 1682, '1973-09-21', false, 8);
insert into EMPLOYEE (id, first_name, last_name, salary, birth_date, active, department_id) values (471, 'Bria', 'Sokell', 13, '1988-07-15', true, 8);
insert into EMPLOYEE (id, first_name, last_name, salary, birth_date, active, department_id) values (472, 'Florette', 'Shelmardine', 1964, '1986-07-22', true, 5);
insert into EMPLOYEE (id, first_name, last_name, salary, birth_date, active, department_id) values (473, 'Brana', 'Loalday', 4186, '1984-03-26', false, 4);
insert into EMPLOYEE (id, first_name, last_name, salary, birth_date, active, department_id) values (474, 'Friederike', 'Mylchreest', 185, '1950-11-06', true, 10);
insert into EMPLOYEE (id, first_name, last_name, salary, birth_date, active, department_id) values (475, 'Rory', 'Roome', 2114, '1952-04-23', true, 8);
insert into EMPLOYEE (id, first_name, last_name, salary, birth_date, active, department_id) values (476, 'Beilul', 'Pinar', 1438, '1975-04-25', false, 6);
insert into EMPLOYEE (id, first_name, last_name, salary, birth_date, active, department_id) values (477, 'Edik', 'Amort', 4105, '2006-05-16', false, 10);
insert into EMPLOYEE (id, first_name, last_name, salary, birth_date, active, department_id) values (478, 'Nellie', 'Videan', 2572, '1955-06-12', false, 3);
insert into EMPLOYEE (id, first_name, last_name, salary, birth_date, active, department_id) values (479, 'Etienne', 'Ivanyushkin', 2345, '2010-01-06', true, 1);
insert into EMPLOYEE (id, first_name, last_name, salary, birth_date, active, department_id) values (480, 'Dylan', 'Iceton', 1165, '2009-03-11', true, 4);
insert into EMPLOYEE (id, first_name, last_name, salary, birth_date, active, department_id) values (481, 'Fanchette', 'Gammidge', 185, '2010-10-13', true, 11);
insert into EMPLOYEE (id, first_name, last_name, salary, birth_date, active, department_id) values (482, 'Kellby', 'Padillo', 2713, '1996-04-17', true, 8);
insert into EMPLOYEE (id, first_name, last_name, salary, birth_date, active, department_id) values (483, 'Callida', 'Yurshev', 705, '1988-12-03', true, 10);
insert into EMPLOYEE (id, first_name, last_name, salary, birth_date, active, department_id) values (484, 'Cthrine', 'Cadlock', 2505, '1959-03-05', false, 9);
insert into EMPLOYEE (id, first_name, last_name, salary, birth_date, active, department_id) values (485, 'Rycca', 'Dendon', 1626, '1951-01-08', false, 6);
insert into EMPLOYEE (id, first_name, last_name, salary, birth_date, active, department_id) values (486, 'Jephthah', 'Merfin', 1050, '1952-04-10', true, 11);
insert into EMPLOYEE (id, first_name, last_name, salary, birth_date, active, department_id) values (487, 'Sheila', 'Meany', 3135, '1958-01-30', false, 9);
insert into EMPLOYEE (id, first_name, last_name, salary, birth_date, active, department_id) values (488, 'Sari', 'MacDougall', 4223, '1976-09-23', true, 5);
insert into EMPLOYEE (id, first_name, last_name, salary, birth_date, active, department_id) values (489, 'Cele', 'Hurdidge', 554, '1985-10-11', false, 2);
insert into EMPLOYEE (id, first_name, last_name, salary, birth_date, active, department_id) values (490, 'Cara', 'Murrison', 4001, '1980-01-08', true, 9);
insert into EMPLOYEE (id, first_name, last_name, salary, birth_date, active, department_id) values (491, 'Britney', 'Longhi', 3818, '1953-08-31', false, 3);
insert into EMPLOYEE (id, first_name, last_name, salary, birth_date, active, department_id) values (492, 'Annice', 'Daley', 2930, '2006-12-08', false, 5);
insert into EMPLOYEE (id, first_name, last_name, salary, birth_date, active, department_id) values (493, 'Alyosha', 'Titchmarsh', 779, '1958-01-15', false, 4);
insert into EMPLOYEE (id, first_name, last_name, salary, birth_date, active, department_id) values (494, 'Dmitri', 'Darkin', 3580, '1998-11-29', true, 5);
insert into EMPLOYEE (id, first_name, last_name, salary, birth_date, active, department_id) values (495, 'Nanice', 'Fevers', 1792, '1988-12-28', true, 11);
insert into EMPLOYEE (id, first_name, last_name, salary, birth_date, active, department_id) values (496, 'Turner', 'O''Dulchonta', 833, '1977-07-15', false, 2);
insert into EMPLOYEE (id, first_name, last_name, salary, birth_date, active, department_id) values (497, 'Beverlie', 'Irdale', 834, '1965-11-11', false, 10);
insert into EMPLOYEE (id, first_name, last_name, salary, birth_date, active, department_id) values (498, 'Gordan', 'Labbett', 2707, '1999-11-02', true, 6);
insert into EMPLOYEE (id, first_name, last_name, salary, birth_date, active, department_id) values (499, 'Gert', 'Boggers', 152, '1995-06-30', true, 4);
insert into EMPLOYEE (id, first_name, last_name, salary, birth_date, active, department_id) values (500, 'Jobie', 'Lidgate', 2990, '1959-05-25', true, 6);
insert into EMPLOYEE (id, first_name, last_name, salary, birth_date, active, department_id) values (501, 'Maia', 'Picott', 4905, '2005-06-21', true, 1);
insert into EMPLOYEE (id, first_name, last_name, salary, birth_date, active, department_id) values (502, 'Aila', 'Boyes', 587, '1961-03-04', false, 3);
insert into EMPLOYEE (id, first_name, last_name, salary, birth_date, active, department_id) values (503, 'Stacie', 'Camblin', 4322, '1964-09-19', false, 2);
insert into EMPLOYEE (id, first_name, last_name, salary, birth_date, active, department_id) values (504, 'Alix', 'Mallabund', 1784, '2004-01-24', true, 2);
insert into EMPLOYEE (id, first_name, last_name, salary, birth_date, active, department_id) values (505, 'Abie', 'Schapiro', 872, '2007-10-22', false, 7);
insert into EMPLOYEE (id, first_name, last_name, salary, birth_date, active, department_id) values (506, 'Brenden', 'Fidelus', 3463, '2001-07-07', true, 8);
insert into EMPLOYEE (id, first_name, last_name, salary, birth_date, active, department_id) values (507, 'Flss', 'Hambatch', 3295, '1955-04-27', false, 11);
insert into EMPLOYEE (id, first_name, last_name, salary, birth_date, active, department_id) values (508, 'Gram', 'Diddams', 2221, '1973-04-21', false, 5);
insert into EMPLOYEE (id, first_name, last_name, salary, birth_date, active, department_id) values (509, 'Winny', 'Merner', 1931, '1961-11-25', false, 5);
insert into EMPLOYEE (id, first_name, last_name, salary, birth_date, active, department_id) values (510, 'Reed', 'Laker', 969, '1985-11-17', true, 4);
insert into EMPLOYEE (id, first_name, last_name, salary, birth_date, active, department_id) values (511, 'Onfroi', 'Simpkiss', 2077, '2002-08-29', true, 8);
insert into EMPLOYEE (id, first_name, last_name, salary, birth_date, active, department_id) values (512, 'Jourdan', 'Sheed', 3756, '1997-07-15', true, 2);
insert into EMPLOYEE (id, first_name, last_name, salary, birth_date, active, department_id) values (513, 'Willetta', 'Abbotts', 3497, '1963-05-03', false, 1);
insert into EMPLOYEE (id, first_name, last_name, salary, birth_date, active, department_id) values (514, 'Isador', 'Dell Casa', 1088, '1951-02-14', true, 9);
insert into EMPLOYEE (id, first_name, last_name, salary, birth_date, active, department_id) values (515, 'Sascha', 'Fitchell', 999, '1976-08-05', true, 4);
insert into EMPLOYEE (id, first_name, last_name, salary, birth_date, active, department_id) values (516, 'Gaston', 'Postins', 1848, '1953-11-22', false, 5);
insert into EMPLOYEE (id, first_name, last_name, salary, birth_date, active, department_id) values (517, 'Joli', 'Ilyasov', 2573, '1968-07-26', true, 8);
insert into EMPLOYEE (id, first_name, last_name, salary, birth_date, active, department_id) values (518, 'Eben', 'Paolo', 4928, '2009-10-22', true, 8);
insert into EMPLOYEE (id, first_name, last_name, salary, birth_date, active, department_id) values (519, 'Grissel', 'Auchinleck', 4104, '1988-04-18', false, 11);
insert into EMPLOYEE (id, first_name, last_name, salary, birth_date, active, department_id) values (520, 'Hiram', 'Hynes', 1220, '1986-09-04', false, 6);
insert into EMPLOYEE (id, first_name, last_name, salary, birth_date, active, department_id) values (521, 'Tim', 'Dowker', 105, '1982-09-07', false, 5);
insert into EMPLOYEE (id, first_name, last_name, salary, birth_date, active, department_id) values (522, 'Kacy', 'Look', 3574, '2006-06-13', true, 8);
insert into EMPLOYEE (id, first_name, last_name, salary, birth_date, active, department_id) values (523, 'Julieta', 'Dory', 2341, '2006-11-29', false, 5);
insert into EMPLOYEE (id, first_name, last_name, salary, birth_date, active, department_id) values (524, 'Eddy', 'Rieger', 2380, '2008-01-15', false, 7);
insert into EMPLOYEE (id, first_name, last_name, salary, birth_date, active, department_id) values (525, 'Carmen', 'Latour', 4149, '2011-06-11', true, 1);
insert into EMPLOYEE (id, first_name, last_name, salary, birth_date, active, department_id) values (526, 'Arabele', 'Canizares', 102, '1980-09-23', true, 2);
insert into EMPLOYEE (id, first_name, last_name, salary, birth_date, active, department_id) values (527, 'Goran', 'Snoxall', 3496, '1969-04-07', true, 6);
insert into EMPLOYEE (id, first_name, last_name, salary, birth_date, active, department_id) values (528, 'Gwenora', 'Klaessen', 3984, '2005-05-16', false, 10);
insert into EMPLOYEE (id, first_name, last_name, salary, birth_date, active, department_id) values (529, 'Veronika', 'Probbin', 2837, '1958-06-05', true, 9);
insert into EMPLOYEE (id, first_name, last_name, salary, birth_date, active, department_id) values (530, 'Gerta', 'Jope', 1834, '1963-10-02', true, 9);
insert into EMPLOYEE (id, first_name, last_name, salary, birth_date, active, department_id) values (531, 'Blinni', 'Jancic', 3009, '1989-04-28', false, 4);
insert into EMPLOYEE (id, first_name, last_name, salary, birth_date, active, department_id) values (532, 'Joseito', 'Baudou', 3324, '1989-06-20', true, 5);
insert into EMPLOYEE (id, first_name, last_name, salary, birth_date, active, department_id) values (533, 'Wilhelmine', 'Vasyunin', 2454, '1956-12-11', false, 10);
insert into EMPLOYEE (id, first_name, last_name, salary, birth_date, active, department_id) values (534, 'Tammy', 'Weiner', 2628, '1957-12-20', true, 2);
insert into EMPLOYEE (id, first_name, last_name, salary, birth_date, active, department_id) values (535, 'Tracy', 'Oswal', 1420, '1957-12-07', true, 9);
insert into EMPLOYEE (id, first_name, last_name, salary, birth_date, active, department_id) values (536, 'Colin', 'Dilland', 4047, '1956-02-16', false, 1);
insert into EMPLOYEE (id, first_name, last_name, salary, birth_date, active, department_id) values (537, 'Mikael', 'Woolens', 2222, '1955-04-11', false, 8);
insert into EMPLOYEE (id, first_name, last_name, salary, birth_date, active, department_id) values (538, 'Godwin', 'Endicott', 1250, '1956-08-01', true, 9);
insert into EMPLOYEE (id, first_name, last_name, salary, birth_date, active, department_id) values (539, 'Alvira', 'Heball', 760, '1994-05-16', false, 6);
insert into EMPLOYEE (id, first_name, last_name, salary, birth_date, active, department_id) values (540, 'Fiona', 'Dykas', 1592, '1998-11-24', false, 2);
insert into EMPLOYEE (id, first_name, last_name, salary, birth_date, active, department_id) values (541, 'Alexandros', 'Suggey', 2242, '1986-12-30', true, 10);
insert into EMPLOYEE (id, first_name, last_name, salary, birth_date, active, department_id) values (542, 'Tomasina', 'Sargison', 1435, '1998-06-22', false, 3);
insert into EMPLOYEE (id, first_name, last_name, salary, birth_date, active, department_id) values (543, 'Carole', 'Grumble', 4674, '1989-03-01', true, 8);
insert into EMPLOYEE (id, first_name, last_name, salary, birth_date, active, department_id) values (544, 'Avie', 'Khosa', 1891, '1969-10-18', false, 11);
insert into EMPLOYEE (id, first_name, last_name, salary, birth_date, active, department_id) values (545, 'Murry', 'Eatock', 4529, '1975-05-01', true, 1);
insert into EMPLOYEE (id, first_name, last_name, salary, birth_date, active, department_id) values (546, 'Pietra', 'Kilmary', 1348, '1985-07-10', true, 6);
insert into EMPLOYEE (id, first_name, last_name, salary, birth_date, active, department_id) values (547, 'Cal', 'Goodison', 970, '1975-12-26', true, 6);
insert into EMPLOYEE (id, first_name, last_name, salary, birth_date, active, department_id) values (548, 'Farrand', 'Bilofsky', 2431, '2007-11-15', true, 10);
insert into EMPLOYEE (id, first_name, last_name, salary, birth_date, active, department_id) values (549, 'Janey', 'Carriage', 169, '1986-02-21', true, 11);
insert into EMPLOYEE (id, first_name, last_name, salary, birth_date, active, department_id) values (550, 'Constantine', 'Hardiker', 442, '1982-12-05', false, 8);
insert into EMPLOYEE (id, first_name, last_name, salary, birth_date, active, department_id) values (551, 'Joelie', 'Surgeoner', 3427, '1987-02-26', false, 1);
insert into EMPLOYEE (id, first_name, last_name, salary, birth_date, active, department_id) values (552, 'Nanny', 'Leftly', 2469, '1982-02-08', false, 9);
insert into EMPLOYEE (id, first_name, last_name, salary, birth_date, active, department_id) values (553, 'Chiarra', 'Hein', 652, '1967-02-24', true, 8);
insert into EMPLOYEE (id, first_name, last_name, salary, birth_date, active, department_id) values (554, 'Ainslee', 'Giraudoux', 973, '1957-08-30', true, 3);
insert into EMPLOYEE (id, first_name, last_name, salary, birth_date, active, department_id) values (555, 'Eveleen', 'Swanwick', 2584, '2000-03-06', true, 6);
insert into EMPLOYEE (id, first_name, last_name, salary, birth_date, active, department_id) values (556, 'Ashlan', 'Dundridge', 4874, '1973-09-30', true, 3);
insert into EMPLOYEE (id, first_name, last_name, salary, birth_date, active, department_id) values (557, 'Kary', 'Baudy', 3246, '1958-12-23', true, 9);
insert into EMPLOYEE (id, first_name, last_name, salary, birth_date, active, department_id) values (558, 'Netty', 'Bricket', 3023, '1980-03-01', false, 11);
insert into EMPLOYEE (id, first_name, last_name, salary, birth_date, active, department_id) values (559, 'Felicio', 'Fotherby', 3393, '1954-11-05', true, 2);
insert into EMPLOYEE (id, first_name, last_name, salary, birth_date, active, department_id) values (560, 'Celka', 'Luttgert', 3675, '1996-11-07', true, 10);
insert into EMPLOYEE (id, first_name, last_name, salary, birth_date, active, department_id) values (561, 'Simmonds', 'Dadley', 3928, '1962-02-07', true, 7);
insert into EMPLOYEE (id, first_name, last_name, salary, birth_date, active, department_id) values (562, 'Corabelle', 'Toffler', 2465, '1975-03-16', true, 11);
insert into EMPLOYEE (id, first_name, last_name, salary, birth_date, active, department_id) values (563, 'Carlin', 'D''Costa', 4225, '1993-03-17', false, 5);
insert into EMPLOYEE (id, first_name, last_name, salary, birth_date, active, department_id) values (564, 'Paolo', 'Clash', 1340, '2010-10-25', true, 10);
insert into EMPLOYEE (id, first_name, last_name, salary, birth_date, active, department_id) values (565, 'Dur', 'Squires', 4715, '2010-06-20', true, 10);
insert into EMPLOYEE (id, first_name, last_name, salary, birth_date, active, department_id) values (566, 'Merridie', 'Emsden', 3607, '1982-03-20', true, 2);
insert into EMPLOYEE (id, first_name, last_name, salary, birth_date, active, department_id) values (567, 'Lindsey', 'Spurr', 936, '1959-05-09', false, 6);
insert into EMPLOYEE (id, first_name, last_name, salary, birth_date, active, department_id) values (568, 'Lizbeth', 'Solon', 889, '1990-02-13', true, 3);
insert into EMPLOYEE (id, first_name, last_name, salary, birth_date, active, department_id) values (569, 'Carmel', 'Goring', 4458, '1962-01-07', false, 10);
insert into EMPLOYEE (id, first_name, last_name, salary, birth_date, active, department_id) values (570, 'Gustavo', 'Sagrott', 194, '1973-10-28', false, 1);
insert into EMPLOYEE (id, first_name, last_name, salary, birth_date, active, department_id) values (571, 'Elwood', 'Farncombe', 2694, '1997-03-08', false, 11);
insert into EMPLOYEE (id, first_name, last_name, salary, birth_date, active, department_id) values (572, 'Carine', 'Eakeley', 1664, '1952-01-15', true, 7);
insert into EMPLOYEE (id, first_name, last_name, salary, birth_date, active, department_id) values (573, 'Jacynth', 'Glasper', 2404, '1959-05-04', true, 7);
insert into EMPLOYEE (id, first_name, last_name, salary, birth_date, active, department_id) values (574, 'Johannah', 'Lowder', 549, '1996-11-07', true, 1);
insert into EMPLOYEE (id, first_name, last_name, salary, birth_date, active, department_id) values (575, 'Elonore', 'Vidgen', 3196, '1991-02-08', true, 8);
insert into EMPLOYEE (id, first_name, last_name, salary, birth_date, active, department_id) values (576, 'Lenee', 'Comello', 281, '2005-10-08', false, 7);
insert into EMPLOYEE (id, first_name, last_name, salary, birth_date, active, department_id) values (577, 'Kendall', 'Fairest', 1257, '1982-05-28', false, 8);
insert into EMPLOYEE (id, first_name, last_name, salary, birth_date, active, department_id) values (578, 'Gloria', 'Johnes', 2260, '1963-05-14', true, 2);
insert into EMPLOYEE (id, first_name, last_name, salary, birth_date, active, department_id) values (579, 'Nedi', 'Lanney', 684, '1969-01-10', true, 5);
insert into EMPLOYEE (id, first_name, last_name, salary, birth_date, active, department_id) values (580, 'Jaquelin', 'Noden', 2358, '1977-10-09', false, 11);
insert into EMPLOYEE (id, first_name, last_name, salary, birth_date, active, department_id) values (581, 'Jacinta', 'Marin', 4484, '1968-10-09', false, 1);
insert into EMPLOYEE (id, first_name, last_name, salary, birth_date, active, department_id) values (582, 'Mozes', 'Gilligan', 3870, '1985-06-25', true, 10);
insert into EMPLOYEE (id, first_name, last_name, salary, birth_date, active, department_id) values (583, 'Richardo', 'Reay', 605, '1955-03-12', false, 4);
insert into EMPLOYEE (id, first_name, last_name, salary, birth_date, active, department_id) values (584, 'Florentia', 'Josephs', 2630, '1956-06-22', true, 9);
insert into EMPLOYEE (id, first_name, last_name, salary, birth_date, active, department_id) values (585, 'Ardisj', 'Sarjeant', 4168, '1951-06-19', true, 2);
insert into EMPLOYEE (id, first_name, last_name, salary, birth_date, active, department_id) values (586, 'Elsey', 'Cruickshanks', 2679, '1964-10-11', false, 6);
insert into EMPLOYEE (id, first_name, last_name, salary, birth_date, active, department_id) values (587, 'Maritsa', 'Westwood', 2244, '1996-07-30', true, 10);
insert into EMPLOYEE (id, first_name, last_name, salary, birth_date, active, department_id) values (588, 'Gwyn', 'Bredbury', 2916, '1982-08-18', true, 1);
insert into EMPLOYEE (id, first_name, last_name, salary, birth_date, active, department_id) values (589, 'Gilligan', 'Mintoff', 3252, '2009-09-15', false, 7);
insert into EMPLOYEE (id, first_name, last_name, salary, birth_date, active, department_id) values (590, 'Jen', 'Haysey', 4269, '1982-05-27', false, 3);
insert into EMPLOYEE (id, first_name, last_name, salary, birth_date, active, department_id) values (591, 'Winslow', 'Dacombe', 1213, '1991-09-27', true, 6);
insert into EMPLOYEE (id, first_name, last_name, salary, birth_date, active, department_id) values (592, 'Daile', 'Duding', 2908, '1962-12-14', true, 10);
insert into EMPLOYEE (id, first_name, last_name, salary, birth_date, active, department_id) values (593, 'Peggie', 'Mindenhall', 2200, '1961-06-14', false, 4);
insert into EMPLOYEE (id, first_name, last_name, salary, birth_date, active, department_id) values (594, 'Amalea', 'Kalaher', 3115, '1967-05-14', false, 4);
insert into EMPLOYEE (id, first_name, last_name, salary, birth_date, active, department_id) values (595, 'Iorgo', 'Kinloch', 2798, '1960-02-19', true, 6);
insert into EMPLOYEE (id, first_name, last_name, salary, birth_date, active, department_id) values (596, 'Thedric', 'Mcwhinnie', 503, '1968-12-03', false, 2);
insert into EMPLOYEE (id, first_name, last_name, salary, birth_date, active, department_id) values (597, 'Palmer', 'Cunnah', 3170, '1973-05-13', true, 4);
insert into EMPLOYEE (id, first_name, last_name, salary, birth_date, active, department_id) values (598, 'Jemmy', 'Tarquinio', 886, '1977-03-24', true, 3);
insert into EMPLOYEE (id, first_name, last_name, salary, birth_date, active, department_id) values (599, 'Marcellus', 'Hutton', 1879, '1997-09-29', false, 5);
insert into EMPLOYEE (id, first_name, last_name, salary, birth_date, active, department_id) values (600, 'Bernardine', 'Giovannacci', 1957, '1974-06-03', false, 4);
insert into EMPLOYEE (id, first_name, last_name, salary, birth_date, active, department_id) values (601, 'Rodie', 'Regnard', 4979, '1997-03-06', true, 1);
insert into EMPLOYEE (id, first_name, last_name, salary, birth_date, active, department_id) values (602, 'Nero', 'Grouer', 4941, '2012-01-27', true, 6);
insert into EMPLOYEE (id, first_name, last_name, salary, birth_date, active, department_id) values (603, 'Barron', 'Shirt', 1874, '1961-03-01', false, 7);
insert into EMPLOYEE (id, first_name, last_name, salary, birth_date, active, department_id) values (604, 'Alia', 'Vitall', 3628, '1999-06-14', true, 3);
insert into EMPLOYEE (id, first_name, last_name, salary, birth_date, active, department_id) values (605, 'Wallis', 'Benton', 830, '1985-03-05', true, 9);
insert into EMPLOYEE (id, first_name, last_name, salary, birth_date, active, department_id) values (606, 'Brewster', 'Fritchley', 2785, '1974-06-16', true, 2);
insert into EMPLOYEE (id, first_name, last_name, salary, birth_date, active, department_id) values (607, 'Aimil', 'Mc Elory', 2518, '2005-10-19', false, 3);
insert into EMPLOYEE (id, first_name, last_name, salary, birth_date, active, department_id) values (608, 'Coleen', 'Gurge', 1579, '1985-10-19', true, 9);
insert into EMPLOYEE (id, first_name, last_name, salary, birth_date, active, department_id) values (609, 'Gerianna', 'Scriviner', 2685, '1974-02-03', true, 7);
insert into EMPLOYEE (id, first_name, last_name, salary, birth_date, active, department_id) values (610, 'Chrystal', 'Hanwright', 3115, '1956-11-22', true, 6);
insert into EMPLOYEE (id, first_name, last_name, salary, birth_date, active, department_id) values (611, 'Byram', 'Nealand', 1604, '1966-12-06', true, 9);
insert into EMPLOYEE (id, first_name, last_name, salary, birth_date, active, department_id) values (612, 'Cordy', 'Izard', 548, '1966-01-13', true, 3);
insert into EMPLOYEE (id, first_name, last_name, salary, birth_date, active, department_id) values (613, 'Alethea', 'Wheelwright', 570, '1996-07-23', false, 4);
insert into EMPLOYEE (id, first_name, last_name, salary, birth_date, active, department_id) values (614, 'Nahum', 'Marzelli', 3307, '1968-05-10', true, 6);
insert into EMPLOYEE (id, first_name, last_name, salary, birth_date, active, department_id) values (615, 'Cris', 'Lerwell', 2572, '1978-07-04', true, 5);
insert into EMPLOYEE (id, first_name, last_name, salary, birth_date, active, department_id) values (616, 'Carce', 'Barron', 1887, '1980-03-23', true, 4);
insert into EMPLOYEE (id, first_name, last_name, salary, birth_date, active, department_id) values (617, 'Katherina', 'Lodovichi', 4905, '1971-09-05', true, 11);
insert into EMPLOYEE (id, first_name, last_name, salary, birth_date, active, department_id) values (618, 'Ricca', 'Gough', 3197, '1986-09-06', true, 8);
insert into EMPLOYEE (id, first_name, last_name, salary, birth_date, active, department_id) values (619, 'Konstanze', 'Pobjay', 3083, '1986-04-05', true, 10);
insert into EMPLOYEE (id, first_name, last_name, salary, birth_date, active, department_id) values (620, 'Irvine', 'Roylance', 2928, '1963-05-21', false, 10);
insert into EMPLOYEE (id, first_name, last_name, salary, birth_date, active, department_id) values (621, 'Andra', 'de Vaen', 1225, '1962-08-27', false, 7);
insert into EMPLOYEE (id, first_name, last_name, salary, birth_date, active, department_id) values (622, 'Frazer', 'Gimert', 3712, '2005-08-04', false, 1);
insert into EMPLOYEE (id, first_name, last_name, salary, birth_date, active, department_id) values (623, 'Dukey', 'Brazel', 713, '1965-01-17', true, 5);
insert into EMPLOYEE (id, first_name, last_name, salary, birth_date, active, department_id) values (624, 'Nolana', 'Ziehm', 4773, '1975-03-13', true, 1);
insert into EMPLOYEE (id, first_name, last_name, salary, birth_date, active, department_id) values (625, 'Laurice', 'Heliar', 4957, '1986-01-10', false, 5);
insert into EMPLOYEE (id, first_name, last_name, salary, birth_date, active, department_id) values (626, 'Linzy', 'Dutteridge', 1671, '1974-02-05', true, 7);
insert into EMPLOYEE (id, first_name, last_name, salary, birth_date, active, department_id) values (627, 'Roobbie', 'Collicott', 3830, '1959-11-11', false, 4);
insert into EMPLOYEE (id, first_name, last_name, salary, birth_date, active, department_id) values (628, 'Garnette', 'Cadreman', 2888, '2009-12-10', false, 8);
insert into EMPLOYEE (id, first_name, last_name, salary, birth_date, active, department_id) values (629, 'Titus', 'Ruppertz', 479, '1972-11-14', true, 8);
insert into EMPLOYEE (id, first_name, last_name, salary, birth_date, active, department_id) values (630, 'Edie', 'Densham', 782, '1970-05-02', true, 7);
insert into EMPLOYEE (id, first_name, last_name, salary, birth_date, active, department_id) values (631, 'Minerva', 'Dominelli', 845, '2005-10-22', false, 4);
insert into EMPLOYEE (id, first_name, last_name, salary, birth_date, active, department_id) values (632, 'Idaline', 'Coil', 3381, '1950-08-10', false, 4);
insert into EMPLOYEE (id, first_name, last_name, salary, birth_date, active, department_id) values (633, 'Dorey', 'Anthiftle', 830, '1956-07-02', true, 6);
insert into EMPLOYEE (id, first_name, last_name, salary, birth_date, active, department_id) values (634, 'Merv', 'Wabersich', 3103, '1996-02-26', true, 4);
insert into EMPLOYEE (id, first_name, last_name, salary, birth_date, active, department_id) values (635, 'Carmita', 'McGarvie', 738, '1952-10-06', true, 1);
insert into EMPLOYEE (id, first_name, last_name, salary, birth_date, active, department_id) values (636, 'Miner', 'Obert', 282, '1991-07-30', false, 10);
insert into EMPLOYEE (id, first_name, last_name, salary, birth_date, active, department_id) values (637, 'Catherina', 'Stirman', 1596, '1992-10-08', true, 7);
insert into EMPLOYEE (id, first_name, last_name, salary, birth_date, active, department_id) values (638, 'Aveline', 'Lamanby', 2672, '1976-04-16', false, 4);
insert into EMPLOYEE (id, first_name, last_name, salary, birth_date, active, department_id) values (639, 'Dagny', 'Teasdale-Markie', 63, '1957-06-24', true, 7);
insert into EMPLOYEE (id, first_name, last_name, salary, birth_date, active, department_id) values (640, 'Aarika', 'Trillo', 398, '2012-09-25', false, 4);
insert into EMPLOYEE (id, first_name, last_name, salary, birth_date, active, department_id) values (641, 'Russ', 'Traice', 4311, '1986-02-23', true, 2);
insert into EMPLOYEE (id, first_name, last_name, salary, birth_date, active, department_id) values (642, 'Minnnie', 'Laffan', 2035, '1992-02-18', false, 11);
insert into EMPLOYEE (id, first_name, last_name, salary, birth_date, active, department_id) values (643, 'Rees', 'Landreth', 2994, '1979-09-06', false, 2);
insert into EMPLOYEE (id, first_name, last_name, salary, birth_date, active, department_id) values (644, 'Farrand', 'Torbard', 4793, '1982-07-03', false, 5);
insert into EMPLOYEE (id, first_name, last_name, salary, birth_date, active, department_id) values (645, 'Obidiah', 'Boog', 2726, '1985-02-14', true, 5);
insert into EMPLOYEE (id, first_name, last_name, salary, birth_date, active, department_id) values (646, 'Oliviero', 'Pasterfield', 3181, '1996-02-08', true, 4);
insert into EMPLOYEE (id, first_name, last_name, salary, birth_date, active, department_id) values (647, 'Phillipe', 'Boon', 201, '2000-07-07', false, 9);
insert into EMPLOYEE (id, first_name, last_name, salary, birth_date, active, department_id) values (648, 'Ernestine', 'Chastang', 4513, '1989-10-17', true, 1);
insert into EMPLOYEE (id, first_name, last_name, salary, birth_date, active, department_id) values (649, 'Julianne', 'Landsbury', 4855, '2008-10-23', true, 8);
insert into EMPLOYEE (id, first_name, last_name, salary, birth_date, active, department_id) values (650, 'Martguerita', 'Cannicott', 4149, '1999-09-15', true, 7);
insert into EMPLOYEE (id, first_name, last_name, salary, birth_date, active, department_id) values (651, 'Geoff', 'Cullin', 1948, '2009-07-31', true, 4);
insert into EMPLOYEE (id, first_name, last_name, salary, birth_date, active, department_id) values (652, 'Phaedra', 'Feathersby', 1949, '1963-08-15', false, 1);
insert into EMPLOYEE (id, first_name, last_name, salary, birth_date, active, department_id) values (653, 'Lauritz', 'Dory', 406, '1989-08-15', true, 2);
insert into EMPLOYEE (id, first_name, last_name, salary, birth_date, active, department_id) values (654, 'Colline', 'Bulloch', 593, '1957-05-30', false, 8);
insert into EMPLOYEE (id, first_name, last_name, salary, birth_date, active, department_id) values (655, 'Ekaterina', 'Mingardo', 22, '1994-02-11', true, 3);
insert into EMPLOYEE (id, first_name, last_name, salary, birth_date, active, department_id) values (656, 'Winni', 'Cunah', 748, '1953-11-24', false, 9);
insert into EMPLOYEE (id, first_name, last_name, salary, birth_date, active, department_id) values (657, 'Marsha', 'Swyer', 2293, '1978-07-18', true, 8);
insert into EMPLOYEE (id, first_name, last_name, salary, birth_date, active, department_id) values (658, 'Kinnie', 'Drewry', 787, '1973-04-21', false, 2);
insert into EMPLOYEE (id, first_name, last_name, salary, birth_date, active, department_id) values (659, 'Codie', 'Bewshire', 4418, '1986-10-06', true, 2);
insert into EMPLOYEE (id, first_name, last_name, salary, birth_date, active, department_id) values (660, 'Madelon', 'Normansell', 1090, '2006-05-01', true, 7);
insert into EMPLOYEE (id, first_name, last_name, salary, birth_date, active, department_id) values (661, 'Jaquenetta', 'Lambdean', 4853, '1954-05-27', false, 1);
insert into EMPLOYEE (id, first_name, last_name, salary, birth_date, active, department_id) values (662, 'Pamelina', 'Vannuccinii', 4418, '1968-08-20', false, 2);
insert into EMPLOYEE (id, first_name, last_name, salary, birth_date, active, department_id) values (663, 'Shaina', 'Brightie', 4473, '2012-03-24', true, 9);
insert into EMPLOYEE (id, first_name, last_name, salary, birth_date, active, department_id) values (664, 'Marsiella', 'Meletti', 154, '1961-07-26', true, 4);
insert into EMPLOYEE (id, first_name, last_name, salary, birth_date, active, department_id) values (665, 'Gilberto', 'Spavon', 569, '1988-03-27', false, 8);
insert into EMPLOYEE (id, first_name, last_name, salary, birth_date, active, department_id) values (666, 'Tana', 'Fortie', 196, '1979-09-13', true, 1);
insert into EMPLOYEE (id, first_name, last_name, salary, birth_date, active, department_id) values (667, 'Sully', 'Battrick', 397, '1972-07-17', true, 1);
insert into EMPLOYEE (id, first_name, last_name, salary, birth_date, active, department_id) values (668, 'Guy', 'Colman', 1056, '1973-10-26', true, 8);
insert into EMPLOYEE (id, first_name, last_name, salary, birth_date, active, department_id) values (669, 'Merla', 'Esmead', 4034, '1983-01-23', true, 4);
insert into EMPLOYEE (id, first_name, last_name, salary, birth_date, active, department_id) values (670, 'Denis', 'Daventry', 394, '1968-07-24', false, 6);
insert into EMPLOYEE (id, first_name, last_name, salary, birth_date, active, department_id) values (671, 'Oralia', 'Billson', 4967, '1967-06-10', false, 4);
insert into EMPLOYEE (id, first_name, last_name, salary, birth_date, active, department_id) values (672, 'Elsa', 'Alejandre', 3092, '1952-09-14', false, 8);
insert into EMPLOYEE (id, first_name, last_name, salary, birth_date, active, department_id) values (673, 'Frances', 'Docwra', 1005, '2011-02-10', false, 6);
insert into EMPLOYEE (id, first_name, last_name, salary, birth_date, active, department_id) values (674, 'Samuele', 'Hopfner', 2314, '2001-12-02', true, 4);
insert into EMPLOYEE (id, first_name, last_name, salary, birth_date, active, department_id) values (675, 'Shay', 'Coultas', 2060, '1989-10-13', true, 6);
insert into EMPLOYEE (id, first_name, last_name, salary, birth_date, active, department_id) values (676, 'Pammi', 'Nelles', 2705, '2006-02-04', true, 5);
insert into EMPLOYEE (id, first_name, last_name, salary, birth_date, active, department_id) values (677, 'Anna-maria', 'Arendt', 1508, '1975-11-06', false, 2);
insert into EMPLOYEE (id, first_name, last_name, salary, birth_date, active, department_id) values (678, 'Alanna', 'Cleminshaw', 818, '1988-08-20', false, 2);
insert into EMPLOYEE (id, first_name, last_name, salary, birth_date, active, department_id) values (679, 'Corella', 'Wey', 3444, '2007-07-18', true, 6);
insert into EMPLOYEE (id, first_name, last_name, salary, birth_date, active, department_id) values (680, 'Eileen', 'Serris', 1108, '1962-12-26', true, 9);
insert into EMPLOYEE (id, first_name, last_name, salary, birth_date, active, department_id) values (681, 'Lanita', 'Phinn', 675, '1970-10-18', false, 9);
insert into EMPLOYEE (id, first_name, last_name, salary, birth_date, active, department_id) values (682, 'Vanya', 'Okie', 1108, '1952-10-18', true, 7);
insert into EMPLOYEE (id, first_name, last_name, salary, birth_date, active, department_id) values (683, 'Jenni', 'Tutchener', 4604, '1986-04-09', false, 9);
insert into EMPLOYEE (id, first_name, last_name, salary, birth_date, active, department_id) values (684, 'Evania', 'Lempenny', 1912, '1964-05-01', true, 4);
insert into EMPLOYEE (id, first_name, last_name, salary, birth_date, active, department_id) values (685, 'Kerk', 'Lowey', 1378, '1995-04-15', false, 3);
insert into EMPLOYEE (id, first_name, last_name, salary, birth_date, active, department_id) values (686, 'Eugene', 'Tummasutti', 4504, '1969-07-26', false, 9);
insert into EMPLOYEE (id, first_name, last_name, salary, birth_date, active, department_id) values (687, 'Sean', 'Ridoutt', 2507, '1977-04-15', true, 2);
insert into EMPLOYEE (id, first_name, last_name, salary, birth_date, active, department_id) values (688, 'Asa', 'Canby', 3412, '1954-03-21', true, 2);
insert into EMPLOYEE (id, first_name, last_name, salary, birth_date, active, department_id) values (689, 'Jena', 'Yellep', 133, '1977-11-27', true, 2);
insert into EMPLOYEE (id, first_name, last_name, salary, birth_date, active, department_id) values (690, 'Ethelin', 'Pittendreigh', 1646, '2004-02-03', true, 11);
insert into EMPLOYEE (id, first_name, last_name, salary, birth_date, active, department_id) values (691, 'Bruno', 'Borsi', 2046, '1973-01-31', true, 11);
insert into EMPLOYEE (id, first_name, last_name, salary, birth_date, active, department_id) values (692, 'Sianna', 'Fitzmaurice', 1506, '1955-05-17', true, 4);
insert into EMPLOYEE (id, first_name, last_name, salary, birth_date, active, department_id) values (693, 'Dulci', 'Wringe', 946, '1959-07-09', true, 4);
insert into EMPLOYEE (id, first_name, last_name, salary, birth_date, active, department_id) values (694, 'Adham', 'Barrow', 1123, '1953-08-23', false, 9);
insert into EMPLOYEE (id, first_name, last_name, salary, birth_date, active, department_id) values (695, 'Madelyn', 'Connochie', 915, '2005-08-04', false, 1);
insert into EMPLOYEE (id, first_name, last_name, salary, birth_date, active, department_id) values (696, 'Shalna', 'Yeell', 4291, '2005-02-20', true, 2);
insert into EMPLOYEE (id, first_name, last_name, salary, birth_date, active, department_id) values (697, 'Darcy', 'Heggadon', 4376, '1961-05-17', true, 3);
insert into EMPLOYEE (id, first_name, last_name, salary, birth_date, active, department_id) values (698, 'Waneta', 'Spores', 3653, '1950-09-13', true, 11);
insert into EMPLOYEE (id, first_name, last_name, salary, birth_date, active, department_id) values (699, 'Channa', 'Klampt', 3633, '1996-08-06', true, 11);
insert into EMPLOYEE (id, first_name, last_name, salary, birth_date, active, department_id) values (700, 'Cassandry', 'MacConnal', 1599, '1993-10-17', true, 6);
insert into EMPLOYEE (id, first_name, last_name, salary, birth_date, active, department_id) values (701, 'Benedetta', 'Kehir', 1004, '1955-10-07', false, 10);
insert into EMPLOYEE (id, first_name, last_name, salary, birth_date, active, department_id) values (702, 'Buffy', 'Brolechan', 4641, '1967-08-20', true, 9);
insert into EMPLOYEE (id, first_name, last_name, salary, birth_date, active, department_id) values (703, 'Alfie', 'Jaan', 4843, '1970-01-03', false, 3);
insert into EMPLOYEE (id, first_name, last_name, salary, birth_date, active, department_id) values (704, 'Manon', 'Lucks', 2815, '1965-08-09', true, 1);
insert into EMPLOYEE (id, first_name, last_name, salary, birth_date, active, department_id) values (705, 'Ulrica', 'Peyto', 1509, '2004-03-15', true, 10);
insert into EMPLOYEE (id, first_name, last_name, salary, birth_date, active, department_id) values (706, 'Marcie', 'Cristoforo', 2114, '1953-12-01', false, 2);
insert into EMPLOYEE (id, first_name, last_name, salary, birth_date, active, department_id) values (707, 'Carolyn', 'Rigler', 2401, '1988-02-27', false, 1);
insert into EMPLOYEE (id, first_name, last_name, salary, birth_date, active, department_id) values (708, 'Carl', 'Clementi', 1517, '1999-04-18', false, 7);
insert into EMPLOYEE (id, first_name, last_name, salary, birth_date, active, department_id) values (709, 'Sarene', 'McGarrie', 4742, '2003-04-19', false, 11);
insert into EMPLOYEE (id, first_name, last_name, salary, birth_date, active, department_id) values (710, 'Cassy', 'Poskitt', 1415, '1978-04-22', true, 3);
insert into EMPLOYEE (id, first_name, last_name, salary, birth_date, active, department_id) values (711, 'Peggi', 'Siddle', 4952, '1986-05-18', true, 11);
insert into EMPLOYEE (id, first_name, last_name, salary, birth_date, active, department_id) values (712, 'Hinze', 'Tidcomb', 620, '2012-10-22', false, 7);
insert into EMPLOYEE (id, first_name, last_name, salary, birth_date, active, department_id) values (713, 'Cassandra', 'Anniwell', 273, '1978-09-16', true, 3);
insert into EMPLOYEE (id, first_name, last_name, salary, birth_date, active, department_id) values (714, 'Gabriel', 'Chatfield', 3326, '1964-07-13', true, 9);
insert into EMPLOYEE (id, first_name, last_name, salary, birth_date, active, department_id) values (715, 'Bambi', 'Lazell', 4955, '2009-02-01', false, 10);
insert into EMPLOYEE (id, first_name, last_name, salary, birth_date, active, department_id) values (716, 'Joleen', 'Goomes', 1287, '1983-10-07', false, 6);
insert into EMPLOYEE (id, first_name, last_name, salary, birth_date, active, department_id) values (717, 'Lee', 'Creek', 1578, '1993-05-23', true, 2);
insert into EMPLOYEE (id, first_name, last_name, salary, birth_date, active, department_id) values (718, 'Gideon', 'Esmonde', 896, '1968-01-23', false, 10);
insert into EMPLOYEE (id, first_name, last_name, salary, birth_date, active, department_id) values (719, 'Jerri', 'Maxsted', 231, '1971-02-06', true, 3);
insert into EMPLOYEE (id, first_name, last_name, salary, birth_date, active, department_id) values (720, 'Craggy', 'Waller-Bridge', 2425, '1972-07-20', true, 3);
insert into EMPLOYEE (id, first_name, last_name, salary, birth_date, active, department_id) values (721, 'Ibrahim', 'Beefon', 3269, '1979-04-11', false, 3);
insert into EMPLOYEE (id, first_name, last_name, salary, birth_date, active, department_id) values (722, 'Esta', 'Lethabridge', 1034, '1972-12-11', true, 3);
insert into EMPLOYEE (id, first_name, last_name, salary, birth_date, active, department_id) values (723, 'Iago', 'Timby', 3556, '1973-12-28', false, 7);
insert into EMPLOYEE (id, first_name, last_name, salary, birth_date, active, department_id) values (724, 'Petr', 'Kaveney', 4202, '1998-11-21', true, 4);
insert into EMPLOYEE (id, first_name, last_name, salary, birth_date, active, department_id) values (725, 'Woody', 'Bramah', 631, '1955-04-01', false, 5);
insert into EMPLOYEE (id, first_name, last_name, salary, birth_date, active, department_id) values (726, 'Sollie', 'Ambridge', 1620, '2006-04-06', false, 4);
insert into EMPLOYEE (id, first_name, last_name, salary, birth_date, active, department_id) values (727, 'Georgeta', 'Scaddon', 4829, '1999-11-24', true, 7);
insert into EMPLOYEE (id, first_name, last_name, salary, birth_date, active, department_id) values (728, 'Melody', 'Jinkinson', 4590, '2008-03-02', true, 1);
insert into EMPLOYEE (id, first_name, last_name, salary, birth_date, active, department_id) values (729, 'Rosabella', 'Edworthy', 3180, '2005-11-30', false, 10);
insert into EMPLOYEE (id, first_name, last_name, salary, birth_date, active, department_id) values (730, 'Ricki', 'Cheeseman', 3255, '1976-07-14', true, 1);
insert into EMPLOYEE (id, first_name, last_name, salary, birth_date, active, department_id) values (731, 'Lester', 'Sieb', 4717, '1981-03-30', true, 2);
insert into EMPLOYEE (id, first_name, last_name, salary, birth_date, active, department_id) values (732, 'Phoebe', 'McCaughey', 1410, '1955-08-07', false, 8);
insert into EMPLOYEE (id, first_name, last_name, salary, birth_date, active, department_id) values (733, 'Anjanette', 'Gniewosz', 1666, '1951-11-13', true, 4);
insert into EMPLOYEE (id, first_name, last_name, salary, birth_date, active, department_id) values (734, 'Salomone', 'Gourlay', 1069, '2008-12-21', true, 8);
insert into EMPLOYEE (id, first_name, last_name, salary, birth_date, active, department_id) values (735, 'Pauly', 'Sholl', 3433, '2000-12-12', false, 10);
insert into EMPLOYEE (id, first_name, last_name, salary, birth_date, active, department_id) values (736, 'Eloise', 'Redshaw', 3650, '1999-03-02', true, 1);
insert into EMPLOYEE (id, first_name, last_name, salary, birth_date, active, department_id) values (737, 'Rickey', 'D''Angeli', 1205, '1993-06-01', false, 8);
insert into EMPLOYEE (id, first_name, last_name, salary, birth_date, active, department_id) values (738, 'Faythe', 'Kupke', 3741, '1971-06-09', true, 4);
insert into EMPLOYEE (id, first_name, last_name, salary, birth_date, active, department_id) values (739, 'Brittani', 'Driuzzi', 2146, '1975-09-14', true, 9);
insert into EMPLOYEE (id, first_name, last_name, salary, birth_date, active, department_id) values (740, 'Pietrek', 'Goreway', 1452, '1963-03-15', false, 10);
insert into EMPLOYEE (id, first_name, last_name, salary, birth_date, active, department_id) values (741, 'Fiorenze', 'Plomer', 2553, '1951-02-21', true, 1);
insert into EMPLOYEE (id, first_name, last_name, salary, birth_date, active, department_id) values (742, 'Leif', 'Arguile', 1065, '1953-05-03', false, 6);
insert into EMPLOYEE (id, first_name, last_name, salary, birth_date, active, department_id) values (743, 'Jacquelynn', 'Pankethman', 1213, '1956-08-14', false, 1);
insert into EMPLOYEE (id, first_name, last_name, salary, birth_date, active, department_id) values (744, 'Jerome', 'Caller', 2299, '1958-03-17', false, 11);
insert into EMPLOYEE (id, first_name, last_name, salary, birth_date, active, department_id) values (745, 'Esra', 'Atthowe', 3795, '1957-01-20', false, 5);
insert into EMPLOYEE (id, first_name, last_name, salary, birth_date, active, department_id) values (746, 'Geri', 'Laurent', 4384, '1958-02-25', false, 5);
insert into EMPLOYEE (id, first_name, last_name, salary, birth_date, active, department_id) values (747, 'Bronnie', 'Spridgeon', 3311, '2004-09-14', false, 6);
insert into EMPLOYEE (id, first_name, last_name, salary, birth_date, active, department_id) values (748, 'Adi', 'McIntee', 808, '2005-07-15', false, 2);
insert into EMPLOYEE (id, first_name, last_name, salary, birth_date, active, department_id) values (749, 'Gaelan', 'Brandom', 32, '2008-09-02', false, 8);
insert into EMPLOYEE (id, first_name, last_name, salary, birth_date, active, department_id) values (750, 'Gussie', 'Peirazzi', 3483, '1976-01-28', false, 2);
insert into EMPLOYEE (id, first_name, last_name, salary, birth_date, active, department_id) values (751, 'Evelin', 'Huband', 4191, '1970-02-08', false, 11);
insert into EMPLOYEE (id, first_name, last_name, salary, birth_date, active, department_id) values (752, 'Ashton', 'Surmon', 2026, '2002-02-02', true, 11);
insert into EMPLOYEE (id, first_name, last_name, salary, birth_date, active, department_id) values (753, 'Zia', 'Keymer', 121, '1994-08-23', false, 1);
insert into EMPLOYEE (id, first_name, last_name, salary, birth_date, active, department_id) values (754, 'Alfie', 'Thorold', 3662, '2001-04-28', true, 2);
insert into EMPLOYEE (id, first_name, last_name, salary, birth_date, active, department_id) values (755, 'Kristine', 'Tookill', 4439, '1972-09-02', false, 4);
insert into EMPLOYEE (id, first_name, last_name, salary, birth_date, active, department_id) values (756, 'Ddene', 'Hickinbottom', 4614, '2009-09-07', false, 5);
insert into EMPLOYEE (id, first_name, last_name, salary, birth_date, active, department_id) values (757, 'Isa', 'Francisco', 2254, '1964-07-24', false, 3);
insert into EMPLOYEE (id, first_name, last_name, salary, birth_date, active, department_id) values (758, 'Quillan', 'Manus', 363, '2000-09-06', false, 2);
insert into EMPLOYEE (id, first_name, last_name, salary, birth_date, active, department_id) values (759, 'Stanwood', 'Franceschino', 2102, '1952-10-30', true, 5);
insert into EMPLOYEE (id, first_name, last_name, salary, birth_date, active, department_id) values (760, 'Carter', 'Pinel', 3500, '1969-06-28', true, 6);
insert into EMPLOYEE (id, first_name, last_name, salary, birth_date, active, department_id) values (761, 'Kristos', 'Hannah', 4285, '1960-03-21', true, 4);
insert into EMPLOYEE (id, first_name, last_name, salary, birth_date, active, department_id) values (762, 'Gonzalo', 'Laidel', 1122, '2004-02-22', true, 3);
insert into EMPLOYEE (id, first_name, last_name, salary, birth_date, active, department_id) values (763, 'Arlina', 'Elwood', 2302, '1974-07-20', false, 3);
insert into EMPLOYEE (id, first_name, last_name, salary, birth_date, active, department_id) values (764, 'Hyacinthe', 'Rivard', 3929, '1972-05-22', false, 6);
insert into EMPLOYEE (id, first_name, last_name, salary, birth_date, active, department_id) values (765, 'Jillayne', 'Bernaldez', 784, '1952-08-02', true, 9);
insert into EMPLOYEE (id, first_name, last_name, salary, birth_date, active, department_id) values (766, 'Barny', 'Parnall', 2883, '2010-08-04', false, 5);
insert into EMPLOYEE (id, first_name, last_name, salary, birth_date, active, department_id) values (767, 'Chalmers', 'La Vigne', 899, '1981-01-24', true, 7);
insert into EMPLOYEE (id, first_name, last_name, salary, birth_date, active, department_id) values (768, 'Mitzi', 'Normanton', 3042, '1979-12-28', true, 8);
insert into EMPLOYEE (id, first_name, last_name, salary, birth_date, active, department_id) values (769, 'Parke', 'Scannell', 2834, '1965-02-21', false, 11);
insert into EMPLOYEE (id, first_name, last_name, salary, birth_date, active, department_id) values (770, 'Terri', 'Stodhart', 4085, '1993-07-19', false, 6);
insert into EMPLOYEE (id, first_name, last_name, salary, birth_date, active, department_id) values (771, 'Olimpia', 'Rockwill', 4721, '1951-11-08', true, 6);
insert into EMPLOYEE (id, first_name, last_name, salary, birth_date, active, department_id) values (772, 'Reagen', 'Fergusson', 226, '1986-06-27', true, 11);
insert into EMPLOYEE (id, first_name, last_name, salary, birth_date, active, department_id) values (773, 'Bekki', 'Brickner', 435, '1957-09-07', true, 11);
insert into EMPLOYEE (id, first_name, last_name, salary, birth_date, active, department_id) values (774, 'Irita', 'Imos', 3370, '2005-03-21', true, 6);
insert into EMPLOYEE (id, first_name, last_name, salary, birth_date, active, department_id) values (775, 'Raphaela', 'Savery', 2538, '1958-08-04', true, 5);
insert into EMPLOYEE (id, first_name, last_name, salary, birth_date, active, department_id) values (776, 'Madalyn', 'Mengue', 1909, '1952-09-24', true, 7);
insert into EMPLOYEE (id, first_name, last_name, salary, birth_date, active, department_id) values (777, 'Antone', 'Conti', 3300, '1995-08-05', false, 6);
insert into EMPLOYEE (id, first_name, last_name, salary, birth_date, active, department_id) values (778, 'Bab', 'Sanday', 3048, '2003-12-25', false, 5);
insert into EMPLOYEE (id, first_name, last_name, salary, birth_date, active, department_id) values (779, 'Franky', 'Giacoppoli', 872, '2003-11-23', false, 5);
insert into EMPLOYEE (id, first_name, last_name, salary, birth_date, active, department_id) values (780, 'Nada', 'Starmore', 3993, '1983-06-03', false, 10);
insert into EMPLOYEE (id, first_name, last_name, salary, birth_date, active, department_id) values (781, 'Baron', 'Southcoat', 3574, '1998-03-01', true, 5);
insert into EMPLOYEE (id, first_name, last_name, salary, birth_date, active, department_id) values (782, 'Silvanus', 'Daubney', 3263, '1987-01-02', false, 11);
insert into EMPLOYEE (id, first_name, last_name, salary, birth_date, active, department_id) values (783, 'Sheryl', 'Hooks', 4445, '1992-08-10', true, 11);
insert into EMPLOYEE (id, first_name, last_name, salary, birth_date, active, department_id) values (784, 'Haslett', 'Prothero', 1367, '1991-01-23', false, 11);
insert into EMPLOYEE (id, first_name, last_name, salary, birth_date, active, department_id) values (785, 'Clary', 'Askell', 1331, '2010-02-16', false, 2);
insert into EMPLOYEE (id, first_name, last_name, salary, birth_date, active, department_id) values (786, 'Sigmund', 'McCanny', 888, '1966-07-08', false, 8);
insert into EMPLOYEE (id, first_name, last_name, salary, birth_date, active, department_id) values (787, 'Robbyn', 'Lage', 2215, '1971-06-16', false, 7);
insert into EMPLOYEE (id, first_name, last_name, salary, birth_date, active, department_id) values (788, 'Kiah', 'Domican', 4166, '1959-12-19', false, 10);
insert into EMPLOYEE (id, first_name, last_name, salary, birth_date, active, department_id) values (789, 'Bethanne', 'Lethcoe', 2811, '1951-03-31', false, 6);
insert into EMPLOYEE (id, first_name, last_name, salary, birth_date, active, department_id) values (790, 'Tremaine', 'Cooke', 2806, '1965-07-25', false, 5);
insert into EMPLOYEE (id, first_name, last_name, salary, birth_date, active, department_id) values (791, 'Francklin', 'Strafford', 1918, '1994-01-17', true, 9);
insert into EMPLOYEE (id, first_name, last_name, salary, birth_date, active, department_id) values (792, 'Noella', 'McDuall', 3901, '1977-12-07', false, 5);
insert into EMPLOYEE (id, first_name, last_name, salary, birth_date, active, department_id) values (793, 'Pavel', 'Harnell', 1388, '1956-12-29', true, 9);
insert into EMPLOYEE (id, first_name, last_name, salary, birth_date, active, department_id) values (794, 'Terry', 'Fluit', 3352, '1986-01-31', false, 3);
insert into EMPLOYEE (id, first_name, last_name, salary, birth_date, active, department_id) values (795, 'Rhona', 'Skeath', 2561, '1958-02-27', true, 11);
insert into EMPLOYEE (id, first_name, last_name, salary, birth_date, active, department_id) values (796, 'Mario', 'Wallbutton', 3163, '1997-08-21', false, 1);
insert into EMPLOYEE (id, first_name, last_name, salary, birth_date, active, department_id) values (797, 'Gram', 'Glaister', 1769, '2004-05-19', true, 5);
insert into EMPLOYEE (id, first_name, last_name, salary, birth_date, active, department_id) values (798, 'Donnell', 'Diable', 281, '1951-10-20', false, 11);
insert into EMPLOYEE (id, first_name, last_name, salary, birth_date, active, department_id) values (799, 'Sayers', 'Catlette', 2874, '1996-06-20', false, 9);
insert into EMPLOYEE (id, first_name, last_name, salary, birth_date, active, department_id) values (800, 'Justinian', 'Piner', 495, '2007-02-12', true, 11);
insert into EMPLOYEE (id, first_name, last_name, salary, birth_date, active, department_id) values (801, 'Kaja', 'Napoleone', 4339, '1998-03-07', false, 9);
insert into EMPLOYEE (id, first_name, last_name, salary, birth_date, active, department_id) values (802, 'Natalie', 'Drake', 4659, '1969-10-21', true, 1);
insert into EMPLOYEE (id, first_name, last_name, salary, birth_date, active, department_id) values (803, 'Audrye', 'Judson', 1571, '1999-04-23', true, 3);
insert into EMPLOYEE (id, first_name, last_name, salary, birth_date, active, department_id) values (804, 'Albrecht', 'Mobius', 1089, '1976-04-23', true, 3);
insert into EMPLOYEE (id, first_name, last_name, salary, birth_date, active, department_id) values (805, 'Zorine', 'Pencot', 598, '1987-04-03', true, 9);
insert into EMPLOYEE (id, first_name, last_name, salary, birth_date, active, department_id) values (806, 'Calv', 'Aronov', 3497, '1977-12-29', false, 10);
insert into EMPLOYEE (id, first_name, last_name, salary, birth_date, active, department_id) values (807, 'Hanan', 'Harsent', 1526, '1961-09-13', true, 7);
insert into EMPLOYEE (id, first_name, last_name, salary, birth_date, active, department_id) values (808, 'Bren', 'Mannix', 502, '1990-10-14', false, 5);
insert into EMPLOYEE (id, first_name, last_name, salary, birth_date, active, department_id) values (809, 'Dulcine', 'Alsina', 2660, '1951-10-06', true, 9);
insert into EMPLOYEE (id, first_name, last_name, salary, birth_date, active, department_id) values (810, 'Upton', 'Oakman', 937, '1995-04-21', true, 7);
insert into EMPLOYEE (id, first_name, last_name, salary, birth_date, active, department_id) values (811, 'Carleen', 'Waplington', 887, '1977-03-20', true, 1);
insert into EMPLOYEE (id, first_name, last_name, salary, birth_date, active, department_id) values (812, 'Fredric', 'Chat', 1018, '1960-02-03', false, 3);
insert into EMPLOYEE (id, first_name, last_name, salary, birth_date, active, department_id) values (813, 'Cher', 'Antosch', 229, '1974-04-17', false, 2);
insert into EMPLOYEE (id, first_name, last_name, salary, birth_date, active, department_id) values (814, 'Archy', 'Choak', 1778, '1953-01-08', true, 1);
insert into EMPLOYEE (id, first_name, last_name, salary, birth_date, active, department_id) values (815, 'Freeland', 'Cromleholme', 2715, '1993-11-26', true, 2);
insert into EMPLOYEE (id, first_name, last_name, salary, birth_date, active, department_id) values (816, 'Milli', 'Gittings', 265, '1996-11-19', false, 5);
insert into EMPLOYEE (id, first_name, last_name, salary, birth_date, active, department_id) values (817, 'Regina', 'Snoad', 4843, '1982-10-14', true, 3);
insert into EMPLOYEE (id, first_name, last_name, salary, birth_date, active, department_id) values (818, 'Patricio', 'Weddell', 4485, '2002-09-12', false, 7);
insert into EMPLOYEE (id, first_name, last_name, salary, birth_date, active, department_id) values (819, 'Cherrita', 'Dickson', 194, '1986-04-17', false, 1);
insert into EMPLOYEE (id, first_name, last_name, salary, birth_date, active, department_id) values (820, 'Dulce', 'Traise', 2680, '1967-03-26', false, 3);
insert into EMPLOYEE (id, first_name, last_name, salary, birth_date, active, department_id) values (821, 'Nolly', 'Naul', 1007, '1953-07-07', true, 8);
insert into EMPLOYEE (id, first_name, last_name, salary, birth_date, active, department_id) values (822, 'Ileana', 'McCaffrey', 93, '2005-03-29', true, 6);
insert into EMPLOYEE (id, first_name, last_name, salary, birth_date, active, department_id) values (823, 'Charlton', 'Crank', 262, '1985-02-14', false, 3);
insert into EMPLOYEE (id, first_name, last_name, salary, birth_date, active, department_id) values (824, 'Salomon', 'Rochford', 1262, '1982-06-24', true, 1);
insert into EMPLOYEE (id, first_name, last_name, salary, birth_date, active, department_id) values (825, 'Eva', 'Rollitt', 498, '1963-02-13', true, 2);
insert into EMPLOYEE (id, first_name, last_name, salary, birth_date, active, department_id) values (826, 'Brit', 'Stirgess', 3276, '1954-04-20', false, 3);
insert into EMPLOYEE (id, first_name, last_name, salary, birth_date, active, department_id) values (827, 'Arin', 'Tilberry', 98, '1973-05-23', false, 5);
insert into EMPLOYEE (id, first_name, last_name, salary, birth_date, active, department_id) values (828, 'Brana', 'Danielut', 4166, '1991-11-02', false, 11);
insert into EMPLOYEE (id, first_name, last_name, salary, birth_date, active, department_id) values (829, 'Ulysses', 'Sheaf', 1069, '1965-06-13', false, 7);
insert into EMPLOYEE (id, first_name, last_name, salary, birth_date, active, department_id) values (830, 'Bradly', 'Bilsland', 3341, '2009-03-13', true, 11);
insert into EMPLOYEE (id, first_name, last_name, salary, birth_date, active, department_id) values (831, 'Ramsay', 'Gummow', 896, '1959-08-29', false, 5);
insert into EMPLOYEE (id, first_name, last_name, salary, birth_date, active, department_id) values (832, 'Tiffanie', 'Panketh', 4524, '2003-07-20', false, 3);
insert into EMPLOYEE (id, first_name, last_name, salary, birth_date, active, department_id) values (833, 'Correy', 'Matej', 1829, '1964-07-26', true, 5);
insert into EMPLOYEE (id, first_name, last_name, salary, birth_date, active, department_id) values (834, 'Rab', 'Yakobowitz', 706, '2000-04-28', false, 5);
insert into EMPLOYEE (id, first_name, last_name, salary, birth_date, active, department_id) values (835, 'Selie', 'Pass', 474, '1999-10-12', true, 11);
insert into EMPLOYEE (id, first_name, last_name, salary, birth_date, active, department_id) values (836, 'Briana', 'Danilewicz', 1943, '2009-08-09', false, 4);
insert into EMPLOYEE (id, first_name, last_name, salary, birth_date, active, department_id) values (837, 'Nikkie', 'Vokes', 2841, '2001-02-10', true, 2);
insert into EMPLOYEE (id, first_name, last_name, salary, birth_date, active, department_id) values (838, 'Tobe', 'Ashford', 4279, '2005-07-01', false, 2);
insert into EMPLOYEE (id, first_name, last_name, salary, birth_date, active, department_id) values (839, 'Lily', 'Godman', 1621, '1957-03-28', true, 8);
insert into EMPLOYEE (id, first_name, last_name, salary, birth_date, active, department_id) values (840, 'Ranique', 'Waudby', 4420, '2006-10-04', false, 10);
insert into EMPLOYEE (id, first_name, last_name, salary, birth_date, active, department_id) values (841, 'Ernaline', 'Scourge', 3803, '1970-12-13', false, 3);
insert into EMPLOYEE (id, first_name, last_name, salary, birth_date, active, department_id) values (842, 'Wrennie', 'Patrickson', 1208, '1974-09-06', false, 7);
insert into EMPLOYEE (id, first_name, last_name, salary, birth_date, active, department_id) values (843, 'Lita', 'Trulocke', 974, '2011-03-27', false, 8);
insert into EMPLOYEE (id, first_name, last_name, salary, birth_date, active, department_id) values (844, 'Bartlet', 'Dorgan', 4695, '1983-04-28', false, 6);
insert into EMPLOYEE (id, first_name, last_name, salary, birth_date, active, department_id) values (845, 'Avis', 'Mellings', 4523, '1962-12-14', true, 10);
insert into EMPLOYEE (id, first_name, last_name, salary, birth_date, active, department_id) values (846, 'Brucie', 'Aynscombe', 3155, '2006-05-29', false, 1);
insert into EMPLOYEE (id, first_name, last_name, salary, birth_date, active, department_id) values (847, 'Charyl', 'Murby', 2950, '1974-10-02', true, 1);
insert into EMPLOYEE (id, first_name, last_name, salary, birth_date, active, department_id) values (848, 'Sheila', 'Casiroli', 3018, '2010-07-21', true, 1);
insert into EMPLOYEE (id, first_name, last_name, salary, birth_date, active, department_id) values (849, 'Juan', 'Jepps', 2227, '1994-08-08', true, 1);
insert into EMPLOYEE (id, first_name, last_name, salary, birth_date, active, department_id) values (850, 'Tybie', 'Gouch', 1652, '1980-01-24', true, 8);
insert into EMPLOYEE (id, first_name, last_name, salary, birth_date, active, department_id) values (851, 'Kay', 'Sample', 2500, '1972-12-02', false, 6);
insert into EMPLOYEE (id, first_name, last_name, salary, birth_date, active, department_id) values (852, 'Windham', 'Beagen', 1761, '2008-05-30', true, 3);
insert into EMPLOYEE (id, first_name, last_name, salary, birth_date, active, department_id) values (853, 'Codie', 'Candelin', 1833, '2001-10-01', false, 9);
insert into EMPLOYEE (id, first_name, last_name, salary, birth_date, active, department_id) values (854, 'Bobinette', 'De Simoni', 807, '1971-07-27', true, 3);
insert into EMPLOYEE (id, first_name, last_name, salary, birth_date, active, department_id) values (855, 'Sandy', 'Henriquet', 4177, '1994-03-18', true, 9);
insert into EMPLOYEE (id, first_name, last_name, salary, birth_date, active, department_id) values (856, 'Osgood', 'Thor', 1662, '2005-07-16', true, 11);
insert into EMPLOYEE (id, first_name, last_name, salary, birth_date, active, department_id) values (857, 'Mella', 'Robken', 795, '1966-12-14', true, 4);
insert into EMPLOYEE (id, first_name, last_name, salary, birth_date, active, department_id) values (858, 'Papagena', 'Golbourn', 4244, '1992-10-27', true, 10);
insert into EMPLOYEE (id, first_name, last_name, salary, birth_date, active, department_id) values (859, 'Pepe', 'Tansly', 1092, '1957-02-13', false, 11);
insert into EMPLOYEE (id, first_name, last_name, salary, birth_date, active, department_id) values (860, 'Olivero', 'Melding', 597, '2000-05-05', true, 1);
insert into EMPLOYEE (id, first_name, last_name, salary, birth_date, active, department_id) values (861, 'Ricky', 'Tootal', 4458, '2001-06-10', true, 1);
insert into EMPLOYEE (id, first_name, last_name, salary, birth_date, active, department_id) values (862, 'Gan', 'Laslett', 114, '2010-12-23', true, 10);
insert into EMPLOYEE (id, first_name, last_name, salary, birth_date, active, department_id) values (863, 'Marrissa', 'Durn', 4992, '1973-10-07', true, 1);
insert into EMPLOYEE (id, first_name, last_name, salary, birth_date, active, department_id) values (864, 'Nona', 'Fraulo', 4971, '2002-08-31', false, 5);
insert into EMPLOYEE (id, first_name, last_name, salary, birth_date, active, department_id) values (865, 'Toby', 'Mitchel', 2704, '1962-01-29', true, 11);
insert into EMPLOYEE (id, first_name, last_name, salary, birth_date, active, department_id) values (866, 'Niles', 'Trevino', 123, '1970-05-09', true, 3);
insert into EMPLOYEE (id, first_name, last_name, salary, birth_date, active, department_id) values (867, 'Marybeth', 'Shepard', 1152, '1974-12-26', true, 3);
insert into EMPLOYEE (id, first_name, last_name, salary, birth_date, active, department_id) values (868, 'Curtice', 'Devonshire', 122, '2012-03-11', true, 8);
insert into EMPLOYEE (id, first_name, last_name, salary, birth_date, active, department_id) values (869, 'Wolf', 'Dredge', 130, '2011-01-16', true, 1);
insert into EMPLOYEE (id, first_name, last_name, salary, birth_date, active, department_id) values (870, 'Phedra', 'Collerd', 3051, '2004-06-23', false, 11);
insert into EMPLOYEE (id, first_name, last_name, salary, birth_date, active, department_id) values (871, 'Ginelle', 'Gottelier', 2050, '1982-03-05', true, 6);
insert into EMPLOYEE (id, first_name, last_name, salary, birth_date, active, department_id) values (872, 'Tommy', 'Aldritt', 840, '1980-10-31', true, 1);
insert into EMPLOYEE (id, first_name, last_name, salary, birth_date, active, department_id) values (873, 'Lucio', 'Melhuish', 1622, '1950-01-24', false, 5);
insert into EMPLOYEE (id, first_name, last_name, salary, birth_date, active, department_id) values (874, 'Wesley', 'Bernardotti', 3100, '1952-11-29', false, 11);
insert into EMPLOYEE (id, first_name, last_name, salary, birth_date, active, department_id) values (875, 'Kevon', 'Whewell', 3132, '2000-06-27', true, 11);
insert into EMPLOYEE (id, first_name, last_name, salary, birth_date, active, department_id) values (876, 'Maryl', 'Izkoveski', 2856, '1983-03-18', false, 8);
insert into EMPLOYEE (id, first_name, last_name, salary, birth_date, active, department_id) values (877, 'Margy', 'Chinnock', 1688, '1984-11-17', true, 6);
insert into EMPLOYEE (id, first_name, last_name, salary, birth_date, active, department_id) values (878, 'Hillary', 'Goolding', 2907, '1994-11-03', true, 8);
insert into EMPLOYEE (id, first_name, last_name, salary, birth_date, active, department_id) values (879, 'Ermina', 'Riolfo', 318, '1991-09-12', true, 3);
insert into EMPLOYEE (id, first_name, last_name, salary, birth_date, active, department_id) values (880, 'Cordi', 'Badwick', 2162, '1989-05-08', true, 3);
insert into EMPLOYEE (id, first_name, last_name, salary, birth_date, active, department_id) values (881, 'Jerrie', 'Gilfether', 1044, '1982-10-19', false, 4);
insert into EMPLOYEE (id, first_name, last_name, salary, birth_date, active, department_id) values (882, 'Marcile', 'Sterland', 4085, '1999-03-20', false, 9);
insert into EMPLOYEE (id, first_name, last_name, salary, birth_date, active, department_id) values (883, 'Stephie', 'Blanch', 1938, '1987-11-03', true, 7);
insert into EMPLOYEE (id, first_name, last_name, salary, birth_date, active, department_id) values (884, 'Lydie', 'Conisbee', 2030, '1961-01-29', true, 3);
insert into EMPLOYEE (id, first_name, last_name, salary, birth_date, active, department_id) values (885, 'Perkin', 'Shenfisch', 3615, '2003-11-18', true, 11);
insert into EMPLOYEE (id, first_name, last_name, salary, birth_date, active, department_id) values (886, 'Mattheus', 'Eglise', 788, '1977-09-11', false, 2);
insert into EMPLOYEE (id, first_name, last_name, salary, birth_date, active, department_id) values (887, 'Buck', 'Kiraly', 4650, '1974-09-02', true, 7);
insert into EMPLOYEE (id, first_name, last_name, salary, birth_date, active, department_id) values (888, 'Bernie', 'Brasener', 2942, '1991-11-30', true, 10);
insert into EMPLOYEE (id, first_name, last_name, salary, birth_date, active, department_id) values (889, 'Sella', 'Fernandez', 3427, '1998-04-16', false, 4);
insert into EMPLOYEE (id, first_name, last_name, salary, birth_date, active, department_id) values (890, 'Kelcy', 'Ruff', 1572, '1990-06-28', true, 3);
insert into EMPLOYEE (id, first_name, last_name, salary, birth_date, active, department_id) values (891, 'Gena', 'Noke', 1072, '1973-10-14', false, 3);
insert into EMPLOYEE (id, first_name, last_name, salary, birth_date, active, department_id) values (892, 'Odo', 'Filyashin', 1367, '1976-10-30', true, 5);
insert into EMPLOYEE (id, first_name, last_name, salary, birth_date, active, department_id) values (893, 'Pia', 'Orteau', 2871, '1971-01-23', false, 2);
insert into EMPLOYEE (id, first_name, last_name, salary, birth_date, active, department_id) values (894, 'Anton', 'Leblanc', 4149, '1992-06-21', true, 4);
insert into EMPLOYEE (id, first_name, last_name, salary, birth_date, active, department_id) values (895, 'Valeda', 'Mincher', 4777, '2008-06-16', false, 4);
insert into EMPLOYEE (id, first_name, last_name, salary, birth_date, active, department_id) values (896, 'Noel', 'Pettus', 88, '1976-02-07', true, 2);
insert into EMPLOYEE (id, first_name, last_name, salary, birth_date, active, department_id) values (897, 'Eyde', 'Bruckner', 3273, '2003-08-09', false, 4);
insert into EMPLOYEE (id, first_name, last_name, salary, birth_date, active, department_id) values (898, 'Katlin', 'Sexton', 1702, '1967-09-15', false, 11);
insert into EMPLOYEE (id, first_name, last_name, salary, birth_date, active, department_id) values (899, 'Biddie', 'Chooter', 4064, '1962-10-03', false, 11);
insert into EMPLOYEE (id, first_name, last_name, salary, birth_date, active, department_id) values (900, 'Gianina', 'Kall', 4659, '1961-09-09', true, 10);
insert into EMPLOYEE (id, first_name, last_name, salary, birth_date, active, department_id) values (901, 'Drucill', 'Grog', 4380, '1995-03-21', false, 9);
insert into EMPLOYEE (id, first_name, last_name, salary, birth_date, active, department_id) values (902, 'Blanche', 'Dumbell', 3725, '1994-03-21', true, 11);
insert into EMPLOYEE (id, first_name, last_name, salary, birth_date, active, department_id) values (903, 'Antone', 'Zellmer', 1628, '2009-10-06', false, 6);
insert into EMPLOYEE (id, first_name, last_name, salary, birth_date, active, department_id) values (904, 'Jerrilee', 'Bushaway', 2224, '1973-01-12', true, 3);
insert into EMPLOYEE (id, first_name, last_name, salary, birth_date, active, department_id) values (905, 'Nari', 'Pardi', 2659, '1993-11-08', true, 4);
insert into EMPLOYEE (id, first_name, last_name, salary, birth_date, active, department_id) values (906, 'Diandra', 'Choke', 4928, '1978-01-10', true, 9);
insert into EMPLOYEE (id, first_name, last_name, salary, birth_date, active, department_id) values (907, 'Stacy', 'Rottenbury', 4002, '1994-11-13', true, 7);
insert into EMPLOYEE (id, first_name, last_name, salary, birth_date, active, department_id) values (908, 'Glenine', 'Tithecott', 4053, '1972-04-27', false, 3);
insert into EMPLOYEE (id, first_name, last_name, salary, birth_date, active, department_id) values (909, 'Karmen', 'Meegan', 872, '2001-01-10', false, 7);
insert into EMPLOYEE (id, first_name, last_name, salary, birth_date, active, department_id) values (910, 'Valida', 'Calbrathe', 4013, '2011-05-16', true, 4);
insert into EMPLOYEE (id, first_name, last_name, salary, birth_date, active, department_id) values (911, 'Ernst', 'Ready', 2437, '1968-09-26', false, 8);
insert into EMPLOYEE (id, first_name, last_name, salary, birth_date, active, department_id) values (912, 'Fanchon', 'Hindmoor', 3366, '1989-02-16', true, 4);
insert into EMPLOYEE (id, first_name, last_name, salary, birth_date, active, department_id) values (913, 'Regan', 'Kinsey', 1479, '1953-03-27', false, 2);
insert into EMPLOYEE (id, first_name, last_name, salary, birth_date, active, department_id) values (914, 'Selie', 'Brugman', 2813, '1971-02-18', false, 6);
insert into EMPLOYEE (id, first_name, last_name, salary, birth_date, active, department_id) values (915, 'Ansley', 'Winspear', 237, '1995-04-02', true, 11);
insert into EMPLOYEE (id, first_name, last_name, salary, birth_date, active, department_id) values (916, 'Kincaid', 'Moyers', 3013, '2006-04-08', true, 6);
insert into EMPLOYEE (id, first_name, last_name, salary, birth_date, active, department_id) values (917, 'Alexei', 'Royle', 2516, '2006-11-22', false, 10);
insert into EMPLOYEE (id, first_name, last_name, salary, birth_date, active, department_id) values (918, 'Taddeo', 'Kirsche', 1675, '1979-11-24', true, 3);
insert into EMPLOYEE (id, first_name, last_name, salary, birth_date, active, department_id) values (919, 'Aloise', 'Durn', 943, '2008-07-22', false, 2);
insert into EMPLOYEE (id, first_name, last_name, salary, birth_date, active, department_id) values (920, 'Josias', 'Stuckow', 4410, '1956-07-01', false, 7);
insert into EMPLOYEE (id, first_name, last_name, salary, birth_date, active, department_id) values (921, 'Bevin', 'Speechley', 897, '1988-07-10', true, 5);
insert into EMPLOYEE (id, first_name, last_name, salary, birth_date, active, department_id) values (922, 'Corenda', 'Jamson', 4314, '2009-08-03', true, 4);
insert into EMPLOYEE (id, first_name, last_name, salary, birth_date, active, department_id) values (923, 'Sapphire', 'Vaadeland', 74, '1967-05-11', true, 1);
insert into EMPLOYEE (id, first_name, last_name, salary, birth_date, active, department_id) values (924, 'Rosana', 'Rosewall', 272, '2001-06-24', false, 8);
insert into EMPLOYEE (id, first_name, last_name, salary, birth_date, active, department_id) values (925, 'Ximenes', 'Haggard', 2628, '1970-11-04', false, 1);
insert into EMPLOYEE (id, first_name, last_name, salary, birth_date, active, department_id) values (926, 'Felix', 'Cabrales', 3956, '1983-02-01', true, 1);
insert into EMPLOYEE (id, first_name, last_name, salary, birth_date, active, department_id) values (927, 'Trey', 'Gorgler', 592, '1954-12-05', true, 8);
insert into EMPLOYEE (id, first_name, last_name, salary, birth_date, active, department_id) values (928, 'Byran', 'Dorro', 4288, '1958-01-06', false, 10);
insert into EMPLOYEE (id, first_name, last_name, salary, birth_date, active, department_id) values (929, 'Ellwood', 'Boggers', 2928, '1977-09-17', false, 9);
insert into EMPLOYEE (id, first_name, last_name, salary, birth_date, active, department_id) values (930, 'Boycey', 'Roebuck', 1968, '1967-09-04', false, 5);
insert into EMPLOYEE (id, first_name, last_name, salary, birth_date, active, department_id) values (931, 'Cristiano', 'Ida', 779, '1952-06-23', false, 5);
insert into EMPLOYEE (id, first_name, last_name, salary, birth_date, active, department_id) values (932, 'Melissa', 'Daile', 2310, '1967-07-28', false, 9);
insert into EMPLOYEE (id, first_name, last_name, salary, birth_date, active, department_id) values (933, 'Taffy', 'Stook', 3235, '2001-04-05', false, 2);
insert into EMPLOYEE (id, first_name, last_name, salary, birth_date, active, department_id) values (934, 'Arte', 'Sterley', 1023, '2007-09-20', true, 9);
insert into EMPLOYEE (id, first_name, last_name, salary, birth_date, active, department_id) values (935, 'Gerhardt', 'Barthelme', 4285, '2009-05-31', true, 5);
insert into EMPLOYEE (id, first_name, last_name, salary, birth_date, active, department_id) values (936, 'Correna', 'Zorn', 362, '1972-01-20', false, 7);
insert into EMPLOYEE (id, first_name, last_name, salary, birth_date, active, department_id) values (937, 'Noby', 'Houldin', 2483, '1979-06-05', false, 8);
insert into EMPLOYEE (id, first_name, last_name, salary, birth_date, active, department_id) values (938, 'Rosemaria', 'Curson', 1088, '1985-04-05', true, 5);
insert into EMPLOYEE (id, first_name, last_name, salary, birth_date, active, department_id) values (939, 'Cindy', 'Fendley', 521, '2003-02-26', true, 10);
insert into EMPLOYEE (id, first_name, last_name, salary, birth_date, active, department_id) values (940, 'Ella', 'Lawless', 3951, '1975-12-16', false, 2);
insert into EMPLOYEE (id, first_name, last_name, salary, birth_date, active, department_id) values (941, 'Mitchell', 'Wiggington', 3716, '1954-06-02', true, 2);
insert into EMPLOYEE (id, first_name, last_name, salary, birth_date, active, department_id) values (942, 'Darryl', 'MacMenamy', 3736, '1959-11-19', true, 11);
insert into EMPLOYEE (id, first_name, last_name, salary, birth_date, active, department_id) values (943, 'Stoddard', 'Masdon', 4525, '1970-04-14', true, 1);
insert into EMPLOYEE (id, first_name, last_name, salary, birth_date, active, department_id) values (944, 'Barnie', 'Cheley', 806, '1967-04-29', false, 4);
insert into EMPLOYEE (id, first_name, last_name, salary, birth_date, active, department_id) values (945, 'Dell', 'Sandifer', 2374, '1973-04-26', true, 5);
insert into EMPLOYEE (id, first_name, last_name, salary, birth_date, active, department_id) values (946, 'Verge', 'Hinkensen', 2826, '1979-11-27', false, 1);
insert into EMPLOYEE (id, first_name, last_name, salary, birth_date, active, department_id) values (947, 'Lorne', 'Haspineall', 2732, '1981-04-18', false, 4);
insert into EMPLOYEE (id, first_name, last_name, salary, birth_date, active, department_id) values (948, 'Rick', 'Ellen', 1197, '1956-12-13', true, 8);
insert into EMPLOYEE (id, first_name, last_name, salary, birth_date, active, department_id) values (949, 'Griffith', 'Dowdall', 2930, '1971-05-03', true, 7);
insert into EMPLOYEE (id, first_name, last_name, salary, birth_date, active, department_id) values (950, 'Rudyard', 'Farady', 399, '1965-07-15', false, 8);
insert into EMPLOYEE (id, first_name, last_name, salary, birth_date, active, department_id) values (951, 'Reece', 'Crowd', 186, '1971-05-04', false, 2);
insert into EMPLOYEE (id, first_name, last_name, salary, birth_date, active, department_id) values (952, 'Tera', 'Ellse', 4217, '2009-12-18', true, 10);
insert into EMPLOYEE (id, first_name, last_name, salary, birth_date, active, department_id) values (953, 'Duncan', 'Coulbeck', 1204, '1984-10-23', false, 8);
insert into EMPLOYEE (id, first_name, last_name, salary, birth_date, active, department_id) values (954, 'Gwennie', 'Grevatt', 2805, '2011-12-15', true, 5);
insert into EMPLOYEE (id, first_name, last_name, salary, birth_date, active, department_id) values (955, 'Jorge', 'Sjollema', 1589, '1988-12-17', true, 3);
insert into EMPLOYEE (id, first_name, last_name, salary, birth_date, active, department_id) values (956, 'Issy', 'Nash', 4414, '1954-12-15', false, 1);
insert into EMPLOYEE (id, first_name, last_name, salary, birth_date, active, department_id) values (957, 'Mariette', 'Eveleigh', 2260, '1996-07-04', true, 3);
insert into EMPLOYEE (id, first_name, last_name, salary, birth_date, active, department_id) values (958, 'Goran', 'Tussaine', 1844, '1984-07-26', false, 8);
insert into EMPLOYEE (id, first_name, last_name, salary, birth_date, active, department_id) values (959, 'Brigg', 'Bremner', 26, '2012-11-29', false, 8);
insert into EMPLOYEE (id, first_name, last_name, salary, birth_date, active, department_id) values (960, 'Elayne', 'Rooze', 3935, '1988-05-31', false, 9);
insert into EMPLOYEE (id, first_name, last_name, salary, birth_date, active, department_id) values (961, 'Ferdinande', 'Vasiljevic', 4199, '1996-08-29', false, 10);
insert into EMPLOYEE (id, first_name, last_name, salary, birth_date, active, department_id) values (962, 'Gwenny', 'Gaish', 4623, '1968-06-27', false, 8);
insert into EMPLOYEE (id, first_name, last_name, salary, birth_date, active, department_id) values (963, 'Tallie', 'Phillipp', 4506, '1952-02-08', false, 11);
insert into EMPLOYEE (id, first_name, last_name, salary, birth_date, active, department_id) values (964, 'Joela', 'Bruhke', 539, '1978-02-24', false, 5);
insert into EMPLOYEE (id, first_name, last_name, salary, birth_date, active, department_id) values (965, 'Wendye', 'Heitz', 836, '1993-02-24', true, 9);
insert into EMPLOYEE (id, first_name, last_name, salary, birth_date, active, department_id) values (966, 'Gabbey', 'Beldom', 54, '2004-09-09', true, 11);
insert into EMPLOYEE (id, first_name, last_name, salary, birth_date, active, department_id) values (967, 'Derry', 'Skey', 3403, '2003-06-20', true, 4);
insert into EMPLOYEE (id, first_name, last_name, salary, birth_date, active, department_id) values (968, 'Benji', 'Jacobson', 4798, '1962-07-07', true, 10);
insert into EMPLOYEE (id, first_name, last_name, salary, birth_date, active, department_id) values (969, 'Sofia', 'Showers', 4810, '2002-02-24', true, 6);
insert into EMPLOYEE (id, first_name, last_name, salary, birth_date, active, department_id) values (970, 'Joceline', 'Quaife', 4702, '1961-02-27', false, 8);
insert into EMPLOYEE (id, first_name, last_name, salary, birth_date, active, department_id) values (971, 'Erie', 'Langcastle', 2247, '1996-07-18', false, 2);
insert into EMPLOYEE (id, first_name, last_name, salary, birth_date, active, department_id) values (972, 'Read', 'Tomkinson', 1034, '1995-12-16', false, 5);
insert into EMPLOYEE (id, first_name, last_name, salary, birth_date, active, department_id) values (973, 'Odelia', 'Authers', 550, '1969-09-25', false, 5);
insert into EMPLOYEE (id, first_name, last_name, salary, birth_date, active, department_id) values (974, 'Zondra', 'Stansall', 3985, '1978-03-11', false, 4);
insert into EMPLOYEE (id, first_name, last_name, salary, birth_date, active, department_id) values (975, 'Godwin', 'MacTrusty', 1772, '1951-08-04', false, 7);
insert into EMPLOYEE (id, first_name, last_name, salary, birth_date, active, department_id) values (976, 'Teddie', 'Greenland', 3566, '1978-02-17', true, 9);
insert into EMPLOYEE (id, first_name, last_name, salary, birth_date, active, department_id) values (977, 'Mick', 'Zammett', 2943, '1988-11-27', false, 10);
insert into EMPLOYEE (id, first_name, last_name, salary, birth_date, active, department_id) values (978, 'Leyla', 'Brear', 1960, '1959-11-09', false, 4);
insert into EMPLOYEE (id, first_name, last_name, salary, birth_date, active, department_id) values (979, 'Alyse', 'Gillyett', 3022, '2001-03-25', true, 6);
insert into EMPLOYEE (id, first_name, last_name, salary, birth_date, active, department_id) values (980, 'Wyatt', 'Grayshon', 257, '1984-10-13', false, 9);
insert into EMPLOYEE (id, first_name, last_name, salary, birth_date, active, department_id) values (981, 'Holmes', 'Dominey', 377, '1959-03-10', true, 2);
insert into EMPLOYEE (id, first_name, last_name, salary, birth_date, active, department_id) values (982, 'Connor', 'Dahmke', 3350, '1990-02-12', false, 3);
insert into EMPLOYEE (id, first_name, last_name, salary, birth_date, active, department_id) values (983, 'Whitman', 'Gaytor', 579, '1959-08-15', true, 11);
insert into EMPLOYEE (id, first_name, last_name, salary, birth_date, active, department_id) values (984, 'Issy', 'Pleace', 4019, '1971-02-28', false, 7);
insert into EMPLOYEE (id, first_name, last_name, salary, birth_date, active, department_id) values (985, 'Neysa', 'Dorran', 3290, '1991-02-27', true, 2);
insert into EMPLOYEE (id, first_name, last_name, salary, birth_date, active, department_id) values (986, 'Dru', 'Raoult', 4123, '1996-05-27', false, 9);
insert into EMPLOYEE (id, first_name, last_name, salary, birth_date, active, department_id) values (987, 'Eolanda', 'Pietsma', 2949, '1987-12-01', false, 10);
insert into EMPLOYEE (id, first_name, last_name, salary, birth_date, active, department_id) values (988, 'Ricki', 'Basnett', 1629, '1972-10-23', true, 9);
insert into EMPLOYEE (id, first_name, last_name, salary, birth_date, active, department_id) values (989, 'Goraud', 'Esley', 4023, '2001-12-06', false, 1);
insert into EMPLOYEE (id, first_name, last_name, salary, birth_date, active, department_id) values (990, 'Lucienne', 'Inglesant', 3912, '1954-12-11', true, 4);
insert into EMPLOYEE (id, first_name, last_name, salary, birth_date, active, department_id) values (991, 'Gaston', 'Narducci', 782, '1962-07-16', false, 4);
insert into EMPLOYEE (id, first_name, last_name, salary, birth_date, active, department_id) values (992, 'Salome', 'Goligly', 4137, '1958-06-28', true, 10);
insert into EMPLOYEE (id, first_name, last_name, salary, birth_date, active, department_id) values (993, 'Frederique', 'Pheby', 321, '2007-04-29', false, 4);
insert into EMPLOYEE (id, first_name, last_name, salary, birth_date, active, department_id) values (994, 'Shantee', 'Dogerty', 1801, '2004-07-23', true, 9);
insert into EMPLOYEE (id, first_name, last_name, salary, birth_date, active, department_id) values (995, 'Wendie', 'McCrae', 2198, '1969-09-24', false, 10);
insert into EMPLOYEE (id, first_name, last_name, salary, birth_date, active, department_id) values (996, 'Nadia', 'Scutchin', 3279, '1969-05-28', true, 4);
insert into EMPLOYEE (id, first_name, last_name, salary, birth_date, active, department_id) values (997, 'Base', 'Mordan', 734, '1992-10-12', false, 7);
insert into EMPLOYEE (id, first_name, last_name, salary, birth_date, active, department_id) values (998, 'Bran', 'Nicklin', 2258, '2003-03-08', false, 4);
insert into EMPLOYEE (id, first_name, last_name, salary, birth_date, active, department_id) values (999, 'Bev', 'Smithyman', 2498, '1984-02-01', false, 9);
insert into EMPLOYEE (id, first_name, last_name, salary, birth_date, active, department_id) values (1000, 'Emili', 'Crellin', 2361, '1993-11-29', true, 2);
